[{
    "no": 1,
    "title": "중국 신장 지난주말 폭탄테러 사망자 50명",
    "content": "우루무치 신화=연합뉴스) 중국 신장(新疆) 위구르자치구 바인궈렁(巴音郭楞) 몽골족자치주 룬타이(輪台)현에서 지난 21일 벌어진 동시다발 폭탄테러의 사망자가 50명에 달한다고 현지 뉴스 사이트 천산망(天山網)이 25일(현지시간) 보도했다.",
    "date": "2014/09/26 10:00"
}, {
    "no": 2,
    "title": "미국인 기자 참수 IS 대원 신원 밝혀내< FBI 국장>",
    "content": "(워싱턴=연합뉴스) 강의영 특파원 = 미국 정보당국이 자국인 기자 2명을 참수한 '이슬람국가'(IS) 조직원의 신원을 밝혀냈다고 AFP 통신이 25일(현지시간) 제임스 코미 연방수사국(FBI) 국장의 말을 보도했다.",
    "date": "2014/09/26 11:00"
}, {
    "no": 3,
    "title": "나경원 '장애인 부모의 걱정은 중요하지 않아요'",
    "content": "(유엔본부=연합뉴스) 이강원 특파원 = \"장애인 자녀를 둔 부모의 걱정과 희망은 더이상 중요하지 않습니다\"",
    "date": "2014/09/26 12:00"
}, {
    "no": 4,
    "title": "특별재난지역 진도·안산 보상금은 '그림의 떡'",
    "content": "[서울신문]세월호 참사 이후 전남 진도군과 경기 안산시가 특별재난지역으로 선포됐으나 특별법 제정이 난항을 겪으면서 해당 지역 주민들의 피해 보상에도 차질을 빚고 있다. 재난지역의 융자지원도 신용도가 낮을 경우 그림의 떡에 불과해 피해 주민들의 불만이 높아지고 있다.",
    "date": "2014/09/26 13:00"
}, {
    "no": 5,
    "title": "'PC방 금연구역 지정'은 합헌..헌재 '흡연자 권리 침해 아냐'",
    "content": "[서울신문]PC방 등을 전면 금연구역으로 지정한 법 조항은 헌법에 위반되지 않는다는 헌법재판소 결정이 나왔다.",
    "date": "2014/09/26 14:00"
}, {
    "no": 6,
    "title": "미국인 기자 참수 IS 대원 신원 밝혀내< FBI 국장>",
    "content": "(워싱턴=연합뉴스) 강의영 특파원 = 미국 정보당국이 자국인 기자 2명을 참수한 '이슬람국가'(IS) 조직원의 신원을 밝혀냈다고 AFP 통신이 25일(현지시간) 제임스 코미 연방수사국(FBI) 국장의 말을 보도했다.",
    "date": "2014/09/26 15:00"
}, {
    "no": 7,
    "title": "나경원 '장애인 부모의 걱정은 중요하지 않아요'",
    "content": "(유엔본부=연합뉴스) 이강원 특파원 = \"장애인 자녀를 둔 부모의 걱정과 희망은 더이상 중요하지 않습니다\"",
    "date": "2014/09/26 16:00"
}, {
    "no": 8,
    "title": "특별재난지역 진도·안산 보상금은 '그림의 떡'",
    "content": "[서울신문]세월호 참사 이후 전남 진도군과 경기 안산시가 특별재난지역으로 선포됐으나 특별법 제정이 난항을 겪으면서 해당 지역 주민들의 피해 보상에도 차질을 빚고 있다. 재난지역의 융자지원도 신용도가 낮을 경우 그림의 떡에 불과해 피해 주민들의 불만이 높아지고 있다.",
    "date": "2014/09/26 17:00"
}, {
    "no": 9,
    "title": "미국인 기자 참수 IS 대원 신원 밝혀내< FBI 국장>",
    "content": "(워싱턴=연합뉴스) 강의영 특파원 = 미국 정보당국이 자국인 기자 2명을 참수한 '이슬람국가'(IS) 조직원의 신원을 밝혀냈다고 AFP 통신이 25일(현지시간) 제임스 코미 연방수사국(FBI) 국장의 말을 보도했다.",
    "date": "2014/09/26 18:00"
}, {
    "no": 10,
    "title": "나경원 '장애인 부모의 걱정은 중요하지 않아요'",
    "content": "(유엔본부=연합뉴스) 이강원 특파원 = \"장애인 자녀를 둔 부모의 걱정과 희망은 더이상 중요하지 않습니다\"",
    "date": "2014/09/26 19:00"
}, {
    "no": 11,
    "title": "특별재난지역 진도·안산 보상금은 '그림의 떡'",
    "content": "[서울신문]세월호 참사 이후 전남 진도군과 경기 안산시가 특별재난지역으로 선포됐으나 특별법 제정이 난항을 겪으면서 해당 지역 주민들의 피해 보상에도 차질을 빚고 있다. 재난지역의 융자지원도 신용도가 낮을 경우 그림의 떡에 불과해 피해 주민들의 불만이 높아지고 있다.",
    "date": "2014/09/26 11:00"
}]