[{ "title" : "예상 매출 합계 \\(000)", "ratio" : "-", "m1":"750", "m2":"200", "m3":"500", "m4" :"1500", "m5": "1200", "m6" : "1500", "m7" : "1500", "m8" : "1800", "m9" : "2000", "m10" : "2000", "m11" : "2000", "m12" : "2000" , "_isMySum" : true},
{ "title" : "총 마케팅 예산", "ratio" : "-", "m1":"6379.75", "m2":"5811.05", "m3":"5859.94", "m4" :"5928.55", "m5": "5942.55", "m6" : "5962.19", "m7" : "6003.40", "m8" : "6042.64", "m9" : "6058.80", "m10" : "6028.80", "m11" : "6083.80", "m12" : "6028.80" , "_isMySum" : true},
{ "title" : "개인(총 판매액 중 차지 비율)", "ratio" : "-", "m1":"110", "m2":"110", "m3":"110", "m4" :"110", "m5": "110", "m6" : "110", "m7" : "110", "m8" : "110", "m9" : "85", "m10" : "85", "m11" : "85", "m12" : "85", 
	"children" : [
		{ "title" : "인적 자원 - 인원", "ratio" : "5", "m1":"5", "m2":"5", "m3":"1", "m4" :"5", "m5": "5", "m6" : "5", "m7" : "5", "m8" : "5", "m9" : "5", "m10" : "5", "m11" : "5", "m12" : "5" },
		{ "title" : "인적 자원 - 비용", "ratio" : "-", "m1":"25", "m2":"25", "m3":"25", "m4" :"25", "m5": "25", "m6" : "25", "m7" : "25", "m8" : "25", "m9" : "25", "m10" : "25", "m11" : "25", "m12" : "25" },
		{ "title" : "수수료", "ratio" : "0.10", "m1":"0.75", "m2":"0.20", "m3":"1.50", "m4" :"1.20", "m5": "1.50", "m6" : "1.50", "m7" : "1.80", "m8" : "2.00", "m9" : "2.00", "m10" : "2.00", "m11" : "2.00", "m12" : "2.00" },
		{ "title" : "개인 합계", "ratio" : "-", "m1":"25.75", "m2":"25.20", "m3":"25.50", "m4" :"26.50", "m5": "26.20", "m6" : "26.50", "m7" : "26.50", "m8" : "26.80", "m9" : "27.00", "m10" : "27.00", "m11" : "27.00", "m12" : "27.00", "_isMySum" : true }
	]
}, 

{ "title" : "직접 마케팅(총 판매액 중 차지 비율)", "ratio" : "-", "m1":"100", "m2":"100", "m3":"75", "m4" :"40", "m5": "33", "m6" : "25", "m7" : "20", "m8" : "10", "m9" : "5", "m10" : "5", "m11" : "5", "m12" : "5",
"children" : [
		{ "title" : "텔레마케팅(직접 판매 비율)", "ratio" : "-", "m1":"100", "m2":"50", "m3":"50", "m4" :"50", "m5": "50", "m6" : "50", "m7" : "50", "m8" : "50", "m9" : "50", "m10" : "50", "m11" : "50", "m12" : "50",
			"children" : [
				{ "title" : "인적 자원 - 인원", "ratio" : "5", "m1":"3", "m2":"1.5", "m3":"1.5", "m4" :"1.5", "m5": "1.5", "m6" : "1.5", "m7" : "1.5", "m8" : "1.5", "m9" : "1.5", "m10" : "1.5", "m11" : "1.5", "m12" : "1.5" },
				{ "title" : "인프라 지원", "ratio" : "-", "m1":"25", "m2":"10", "m3":"25", "m4" :"10", "m5": "25", "m6" : "10", "m7" : "25", "m8" : "10", "m9" : "25", "m10" : "10", "m11" : "25", "m12" : "10" },
				{ "title" : "수수료", "ratio" : "0.10", "m1":"0.75", "m2":"0.10", "m3":"0.19", "m4" :"0.30", "m5": "0.20", "m6" : "0.19", "m7" : "0.15", "m8" : "0.09", "m9" : "0.05", "m10" : "0.05", "m11" : "0.05", "m12" : "0.05" },
				{ "title" : "텔레마케팅 합계", "ratio" : "-", "m1":"53.75", "m2":"21.60", "m3":"51.69", "m4" :"21.80", "m5": "51.70", "m6" : "21.69", "m7" : "51.65", "m8" : "21.59", "m9" : "51.55", "m10" : "21.55", "m11" : "51.55", "m12" : "21.55", "_isMySum" : true }
			]
		},
		{ "title" : "인터넷마케팅(직접 판매 비율)", "ratio" : "-", "m1":"25", "m2":"25", "m3":"25", "m4" :"25", "m5": "25", "m6" : "25", "m7" : "25", "m8" : "25", "m9" : "25", "m10" : "25", "m11" : "25", "m12" : "25" ,
			"children" : [
				{ "title" : "인적 자원 - 인원", "ratio" : "5", "m1":"0.25", "m2":"0.25", "m3":"0.25", "m4" :"0.25", "m5": "0.25", "m6" : "0.25", "m7" : "0.25", "m8" : "0.25", "m9" : "0.25", "m10" : "0.25", "m11" : "0.25", "m12" : "0.25" },
				{ "title" : "웹 사이트 개발(단발성 비용)", "ratio" : "-", "m1":"500" },
				{ "title" : "호스팅", "ratio" : "0.10", "m1":"10", "m2":"10", "m3":"10", "m4" :"10", "m5": "10", "m6" : "10", "m7" : "10", "m8" : "10", "m9" : "10", "m10" : "10", "m11" : "10", "m12" : "10" },
				{ "title" : "지원/유지 관리", "ratio" : "-", "m1":"25" },
				{ "title" : "인터넷마케팅 합계", "ratio" : "-", "m1":"535.25", "m2":"10.25", "m3":"10.25", "m4" :"10.25", "m5": "10.25", "m6" : "10.25", "m7" : "10.25", "m8" : "10.25", "m9" : "10.25", "m10" : "10.25", "m11" : "35.25", "m12" : "10.25", "_isMySum" : true }
			]
		},
		{ "title" : "다이렉트 메일(직접 판매비율)", "ratio" : "0.10", "m1":"90", "m2":"77", "m3":"80", "m4" :"30", "m5": "10", "m6" : "22", "m7" : "10", "m8" : "83", "m9" : "50", "m10" : "60", "m11" : "77", "m12" : "34" ,
			"children" : [
				{ "title" : "인적 자원 - 인원", "ratio" : "5", "m1":5, "m2":4, "m3":3, "m4" :-2, "m5": 1, "m6" : 3, "m7" : 5, "m8" : 5, "m9" : 5, "m10" : 5, "m11" : 5, "m12" : 5 },
				{ "title" : "인적 자원 - 비용", "ratio" : "-", "m1":750, "m2":200, "m3":500, "m4" :1500, "m5": 1200, "m6" : 1500, "m7" : 1500, "m8" : 1800, "m9" : 2000, "m10" : 2000, "m11" : 2000, "m12" : 2000 },
				{ "title" : "인적 자원 - 수수료", "ratio" : "0.10", "m1":750, "m2":200, "m3":500, "m4" :1500, "m5": 1200, "m6" : 1500, "m7" : 1500, "m8" : 1800, "m9" : 2000, "m10" : 2000, "m11" : 2000, "m12" : 2000 },
				{ "title" : "다이렉트 메일 합계", "ratio" : "-", "m1":25.75, "m2":200, "m3":500, "m4" :1500, "m5": 1200, "m6" : 1500, "m7" : 1500, "m8" : 1800, "m9" : 2000, "m10" : 2000, "m11" : 2000, "m12" : 2000 , "_isMySum" : true}
			]
		},
		{ "title" : "직접 마케팅 합계 \\(000)", "ratio" : "0.10", "m1":750, "m2":200, "m3":500, "m4" :1500, "m5": 1200, "m6" : 1500, "m7" : 1500, "m8" : 1800, "m9" : 2000, "m10" : 2000, "m11" : 2000, "m12" : 2000 , "_isMySum" : true}
	]
}, 

{ "title" : "대리인/중개인(총 판매액 중 차지 비율)", "ratio" : "-", "m1":"100", "m2":"100", "m3":"75", "m4" :"40", "m5": "33", "m6" : "25", "m7" : "20", "m8" : "10", "m9" : "5", "m10" : "5", "m11" : "5", "m12" : "5" ,
	"children" : [
		{ "title" : "통신", "ratio" : "5", "m1":5, "m2":5, "m3":5, "m4" :2, "m5": 5, "m6" : 4, "m7" : -5, "m8" : 5, "m9" : 5, "m10" : 5, "m11" : 5, "m12" : 5 },
		{ "title" : "교육", "ratio" : "-", "m1":750, "m2":200, "m3":500, "m4" :1500, "m5": 1200, "m6" : 1500, "m7" : 1500, "m8" : 1800, "m9" : 2000, "m10" : 2000, "m11" : 2000, "m12" : 2000 },
		{ "title" : "판촉", "ratio" : "0.10", "m1":750, "m2":200, "m3":500, "m4" :1500, "m5": 1200, "m6" : 1500, "m7" : 1500, "m8" : 1800, "m9" : 2000, "m10" : 2000, "m11" : 2000, "m12" : 2000 },
		{ "title" : "할인", "ratio" : "-", "m1":25.75, "m2":200, "m3":500, "m4" :1500, "m5": 1200, "m6" : 1500, "m7" : 1500, "m8" : 1800, "m9" : 2000, "m10" : 2000, "m11" : 2000, "m12" : 2000 },
		{ "title" : "수수료(대리인 판매 비율)", "ratio" : "-", "m1":"90", "m2":"77", "m3":"80", "m4" :"30", "m5": "10", "m6" : "22", "m7" : "10", "m8" : "83", "m9" : "50", "m10" : "60", "m11" : "77", "m12" : "34" },
		{ "title" : "대리인/중개인 합계 \\(000)", "ratio" : "-", "m1":25.75, "m2":200, "m3":500, "m4" :1500, "m5": 1200, "m6" : 1500, "m7" : 1500, "m8" : 1800, "m9" : 2000, "m10" : 2000, "m11" : 2000, "m12" : 2000 , "_isMySum" : true}
	]
},

{ "title" : "유통업체(총 판매액 중 차지 비율)", "ratio" : "-", "m1":"10", "m2":"10", "m3" : "75", "m4" :"40", "m5": "33", "m6" : "25", "m7" : "20", "m8" : "10", "m9" : "5", "m10" : "5", "m11" : "5", "m12" : "5" ,
	"children" : [
		{ "title" : "통신", "ratio" : "5", "m1":5, "m2":5, "m3":5, "m4" :5, "m5": -5, "m6" : 5, "m7" : 5, "m8" : 5, "m9" : -5, "m10" : 5, "m11" : 5, "m12" : 5 },
		{ "title" : "교육", "ratio" : "-", "m1":750, "m2":200, "m3":500, "m4" :1500, "m5": 1200, "m6" : 1500, "m7" : 1500, "m8" : 1800, "m9" : 2000, "m10" : 2000, "m11" : 2000, "m12" : 2000 },
		{ "title" : "판촉", "ratio" : "0.10", "m1":750, "m2":200, "m3":500, "m4" :1500, "m5": 1200, "m6" : 1500, "m7" : 1500, "m8" : 1800, "m9" : 2000, "m10" : 2000, "m11" : 2000, "m12" : 2000 },
		{ "title" : "수수료(대리인 판매 비율)", "ratio" : "-", "m1":"90", "m2":"77", "m3":"80", "m4" :"30", "m5": "10", "m6" : "22", "m7" : "10", "m8" : "83", "m9" : "50", "m10" : "60", "m11" : "77", "m12" : "34" },
		{ "title" : "유통업체 합계 \\(000)", "ratio" : "-", "m1":25.75, "m2":200, "m3":500, "m4" :1500, "m5": 1200, "m6" : 1500, "m7" : 1500, "m8" : 1800, "m9" : 2000, "m10" : 2000, "m11" : 2000, "m12" : 2000 , "_isMySum" : true}
	]
},

{ "title" : "소매업체(총 판매액 중 차지 비율)", "ratio" : "-", "m1":"55", "m2":"100", "m3":"75", "m4" :"40", "m5": "33", "m6" : "25", "m7" : "30", "m8" : "10", "m9" : "5", "m10" : "5", "m11" : "5", "m12" : "5" ,
	"children" : [
		{ "title" : "인적 자원", "ratio" : "5", "m1":5, "m2":5, "m3":2, "m4" :5, "m5": 5, "m6" : 5, "m7" : 5, "m8" : 5, "m9" : 5, "m10" : 5, "m11" : 5, "m12" : 5 },
		{ "title" : "통신", "ratio" : "-", "m1":750, "m2":200, "m3":500, "m4" :1500, "m5": 1200, "m6" : 1500, "m7" : 1500, "m8" : 1800, "m9" : 2000, "m10" : 2000, "m11" : 2000, "m12" : 2000 },
		{ "title" : "판촉/쿠폰", "ratio" : "0.10", "m1":750, "m2":200, "m3":500, "m4" :1500, "m5": 1200, "m6" : 1500, "m7" : 1500, "m8" : 1800, "m9" : 2000, "m10" : 2000, "m11" : 2000, "m12" : 2000 },
		{ "title" : "소매업체 합계 \\(000)", "ratio" : "0.10", "m1":750, "m2":200, "m3":500, "m4" :1500, "m5": 1200, "m6" : 1500, "m7" : 1500, "m8" : 1800, "m9" : 2000, "m10" : 2000, "m11" : 2000, "m12" : 2000 , "_isMySum" : true}
	]
},

{ "title" : "고객 확보 및 유지", "ratio" : "-", "m1":"30", "m2":"45", "m3":"75", "m4" :"40", "m5": "43", "m6" : "25", "m7" : "20", "m8" : "10", "m9" : "15", "m10" : "5", "m11" : "5", "m12" : "5" ,
	"children" : [
		{ "title" : "인적 자원", "ratio" : "5", "m1":5, "m2":5, "m3":5, "m4" :5, "m5": 5, "m6" : 5, "m7" : 5, "m8" : 5, "m9" : 5, "m10" : 5, "m11" : 5, "m12" : 5 },
		{ "title" : "통신", "ratio" : "-", "m1":750, "m2":200, "m3":500, "m4" :1500, "m5": 1200, "m6" : 1500, "m7" : 1500, "m8" : 1800, "m9" : 2000, "m10" : 2000, "m11" : 2000, "m12" : 2000 },
		{ "title" : "판촉/쿠폰", "ratio" : "0.10", "m1":750, "m2":200, "m3":500, "m4" :1500, "m5": 1200, "m6" : 1500, "m7" : 1500, "m8" : 1800, "m9" : 2000, "m10" : 2000, "m11" : 2000, "m12" : 2000 },
		{ "title" : "고객 확보 및 유지 합계 \\(000)", "ratio" : "0.10", "m1":750, "m2":200, "m3":500, "m4" :1500, "m5": 1200, "m6" : 1500, "m7" : 1500, "m8" : 1800, "m9" : 2000, "m10" : 2000, "m11" : 2000, "m12" : 2000 , "_isMySum" : true}
	]
},

{ "title" : "기타 경비", "ratio" : "-", "m1":"90", "m2":"88", "m3":"75", "m4" :"40", "m5": "33", "m6" : "25", "m7" : "20", "m8" : "10", "m9" : "5", "m10" : "5", "m11" : "5", "m12" : "5" ,
	"children" : [
		{ "title" : "출장", "ratio" : "5", "m1":5, "m2":5, "m3":5, "m4" :5, "m5": 5, "m6" : 5, "m7" : 5, "m8" : 5, "m9" : 5, "m10" : 5, "m11" : 5, "m12" : 5 },
		{ "title" : "인프라(컴퓨터, 전화 등)", "ratio" : "-", "m1":750, "m2":200, "m3":500, "m4" :1500, "m5": 1200, "m6" : 1500, "m7" : 1500, "m8" : 1800, "m9" : 2000, "m10" : 2000, "m11" : 2000, "m12" : 2000 },
		{ "title" : "채널 지원", "ratio" : "0.10", "m1":750, "m2":200, "m3":500, "m4" :1500, "m5": 1200, "m6" : 1500, "m7" : 1500, "m8" : 1800, "m9" : 2000, "m10" : 2000, "m11" : 2000, "m12" : 2000 },
		{ "title" : "기타 경비 합계 \\(000)", "ratio" : "0.10", "m1":750, "m2":200, "m3":500, "m4" :1500, "m5": 1200, "m6" : 1500, "m7" : 1500, "m8" : 1800, "m9" : 2000, "m10" : 2000, "m11" : 2000, "m12" : 2000 , "_isMySum" : true}
	]
}
]