[{
    "id": "#Cust0",
    "date": "2014/10/08",
    "name": "Jennifer",
    "country": "UK",
    "product": "Grape",
    "color": "Brown",
    "price": 739900
}, {
    "id": "#Cust1",
    "date": "2014/10/07",
    "name": "Lowrence",
    "country": "Japan",
    "product": "Oragne",
    "color": "Brown",
    "price": 738800
}, {
    "id": "#Cust2",
    "date": "2014/10/06",
    "name": "Kim",
    "country": "UK",
    "product": "Oragne",
    "color": "Yellow",
    "price": 774200
}, {
    "id": "#Cust3",
    "date": "2014/10/05",
    "name": "Kim",
    "country": "Japan",
    "product": "Grape",
    "color": "White",
    "price": 367000
}, {
    "id": "#Cust4",
    "date": "2014/10/04",
    "name": "Kim",
    "country": "China",
    "product": "Oragne",
    "color": "Yellow",
    "price": 807300
}, {
    "id": "#Cust5",
    "date": "2014/10/03",
    "name": "Han",
    "country": "UK",
    "product": "Strawberry",
    "color": "White",
    "price": 409500
}, {
    "id": "#Cust6",
    "date": "2014/10/02",
    "name": "Han",
    "country": "France",
    "product": "Grape",
    "color": "Yellow",
    "price": 879200
}, {
    "id": "#Cust7",
    "date": "2014/10/01",
    "name": "Kim",
    "country": "Korea",
    "product": "Strawberry",
    "color": "Brown",
    "price": 981600
}, {
    "id": "#Cust8",
    "date": "2014/09/30",
    "name": "Anna",
    "country": "USA",
    "product": "Strawberry",
    "color": "Blue",
    "price": 64700
}, {
    "id": "#Cust9",
    "date": "2014/09/29",
    "name": "Anna",
    "country": "Korea",
    "product": "Grape",
    "color": "Brown",
    "price": 190100
}, {
    "id": "#Cust10",
    "date": "2014/09/28",
    "name": "Steve",
    "country": "UK",
    "product": "Peach",
    "color": "Green",
    "price": 98500
}, {
    "id": "#Cust11",
    "date": "2014/09/27",
    "name": "Jennifer",
    "country": "USA",
    "product": "Strawberry",
    "color": "Red",
    "price": 513800
}, {
    "id": "#Cust12",
    "date": "2014/09/26",
    "name": "Han",
    "country": "USA",
    "product": "Strawberry",
    "color": "Yellow",
    "price": 874000
}, {
    "id": "#Cust13",
    "date": "2014/09/25",
    "name": "Lowrence",
    "country": "USA",
    "product": "Peach",
    "color": "Orange",
    "price": 115000
}, {
    "id": "#Cust14",
    "date": "2014/09/24",
    "name": "Han",
    "country": "Korea",
    "product": "Strawberry",
    "color": "Green",
    "price": 598200
}, {
    "id": "#Cust15",
    "date": "2014/09/23",
    "name": "Kim",
    "country": "Japan",
    "product": "Grape",
    "color": "White",
    "price": 544700
}, {
    "id": "#Cust16",
    "date": "2014/09/22",
    "name": "Jennifer",
    "country": "Korea",
    "product": "Peach",
    "color": "Orange",
    "price": 511700
}, {
    "id": "#Cust17",
    "date": "2014/09/21",
    "name": "Steve",
    "country": "Japan",
    "product": "Peach",
    "color": "Yellow",
    "price": 802100
}, {
    "id": "#Cust18",
    "date": "2014/09/20",
    "name": "Lowrence",
    "country": "Japan",
    "product": "Apple",
    "color": "Orange",
    "price": 365900
}, {
    "id": "#Cust19",
    "date": "2014/09/19",
    "name": "Han",
    "country": "Korea",
    "product": "Strawberry",
    "color": "Orange",
    "price": 913000
}, {
    "id": "#Cust20",
    "date": "2014/09/18",
    "name": "Emma",
    "country": "China",
    "product": "Peach",
    "color": "White",
    "price": 112800
}, {
    "id": "#Cust21",
    "date": "2014/09/17",
    "name": "Emma",
    "country": "Japan",
    "product": "Grape",
    "color": "White",
    "price": 770300
}, {
    "id": "#Cust22",
    "date": "2014/09/16",
    "name": "Anna",
    "country": "Korea",
    "product": "Peach",
    "color": "Red",
    "price": 849200
}, {
    "id": "#Cust23",
    "date": "2014/09/15",
    "name": "Lowrence",
    "country": "UK",
    "product": "Oragne",
    "color": "White",
    "price": 18400
}, {
    "id": "#Cust24",
    "date": "2014/09/14",
    "name": "Anna",
    "country": "Japan",
    "product": "Grape",
    "color": "White",
    "price": 349300
}, {
    "id": "#Cust25",
    "date": "2014/09/13",
    "name": "Steve",
    "country": "Korea",
    "product": "Strawberry",
    "color": "Blue",
    "price": 841500
}, {
    "id": "#Cust26",
    "date": "2014/09/12",
    "name": "Lowrence",
    "country": "USA",
    "product": "Strawberry",
    "color": "Red",
    "price": 471000
}, {
    "id": "#Cust27",
    "date": "2014/09/11",
    "name": "Emma",
    "country": "France",
    "product": "Apple",
    "color": "Green",
    "price": 155100
}, {
    "id": "#Cust28",
    "date": "2014/09/10",
    "name": "Han",
    "country": "China",
    "product": "Oragne",
    "color": "Orange",
    "price": 941700
}, {
    "id": "#Cust29",
    "date": "2014/09/09",
    "name": "Steve",
    "country": "USA",
    "product": "Oragne",
    "color": "Green",
    "price": 435700
}, {
    "id": "#Cust30",
    "date": "2014/09/08",
    "name": "Lowrence",
    "country": "Japan",
    "product": "Apple",
    "color": "Brown",
    "price": 743100
}, {
    "id": "#Cust31",
    "date": "2014/09/07",
    "name": "Lowrence",
    "country": "France",
    "product": "Grape",
    "color": "Orange",
    "price": 595200
}, {
    "id": "#Cust32",
    "date": "2014/09/06",
    "name": "Emma",
    "country": "Korea",
    "product": "Peach",
    "color": "White",
    "price": 481800
}, {
    "id": "#Cust33",
    "date": "2014/09/05",
    "name": "Lowrence",
    "country": "France",
    "product": "Oragne",
    "color": "Blue",
    "price": 283700
}, {
    "id": "#Cust34",
    "date": "2014/09/04",
    "name": "Kim",
    "country": "UK",
    "product": "Peach",
    "color": "Orange",
    "price": 164400
}, {
    "id": "#Cust35",
    "date": "2014/09/03",
    "name": "Han",
    "country": "France",
    "product": "Oragne",
    "color": "White",
    "price": 305400
}, {
    "id": "#Cust36",
    "date": "2014/09/02",
    "name": "Jennifer",
    "country": "Japan",
    "product": "Peach",
    "color": "Orange",
    "price": 487700
}, {
    "id": "#Cust37",
    "date": "2014/09/01",
    "name": "Emma",
    "country": "Korea",
    "product": "Strawberry",
    "color": "Green",
    "price": 961300
}, {
    "id": "#Cust38",
    "date": "2014/08/31",
    "name": "Steve",
    "country": "Korea",
    "product": "Apple",
    "color": "Brown",
    "price": 207500
}, {
    "id": "#Cust39",
    "date": "2014/08/30",
    "name": "Emma",
    "country": "UK",
    "product": "Apple",
    "color": "Brown",
    "price": 877200
}, {
    "id": "#Cust40",
    "date": "2014/08/29",
    "name": "Lowrence",
    "country": "Japan",
    "product": "Oragne",
    "color": "Red",
    "price": 328900
}, {
    "id": "#Cust41",
    "date": "2014/08/28",
    "name": "Lowrence",
    "country": "USA",
    "product": "Apple",
    "color": "Orange",
    "price": 427600
}, {
    "id": "#Cust42",
    "date": "2014/08/27",
    "name": "Kim",
    "country": "Japan",
    "product": "Peach",
    "color": "Green",
    "price": 384500
}, {
    "id": "#Cust43",
    "date": "2014/08/26",
    "name": "Kim",
    "country": "Korea",
    "product": "Strawberry",
    "color": "Brown",
    "price": 440200
}, {
    "id": "#Cust44",
    "date": "2014/08/25",
    "name": "Kim",
    "country": "France",
    "product": "Strawberry",
    "color": "Blue",
    "price": 951100
}, {
    "id": "#Cust45",
    "date": "2014/08/24",
    "name": "Emma",
    "country": "USA",
    "product": "Oragne",
    "color": "Yellow",
    "price": 194900
}, {
    "id": "#Cust46",
    "date": "2014/08/23",
    "name": "Anna",
    "country": "Korea",
    "product": "Grape",
    "color": "Green",
    "price": 433000
}, {
    "id": "#Cust47",
    "date": "2014/08/22",
    "name": "Steve",
    "country": "France",
    "product": "Grape",
    "color": "Red",
    "price": 666000
}, {
    "id": "#Cust48",
    "date": "2014/08/21",
    "name": "Steve",
    "country": "China",
    "product": "Oragne",
    "color": "Black",
    "price": 161200
}, {
    "id": "#Cust49",
    "date": "2014/08/20",
    "name": "Emma",
    "country": "UK",
    "product": "Apple",
    "color": "White",
    "price": 369600
}, {
    "id": "#Cust50",
    "date": "2014/08/19",
    "name": "Emma",
    "country": "China",
    "product": "Oragne",
    "color": "Black",
    "price": 304800
}, {
    "id": "#Cust51",
    "date": "2014/08/18",
    "name": "Lowrence",
    "country": "China",
    "product": "Strawberry",
    "color": "Blue",
    "price": 504600
}, {
    "id": "#Cust52",
    "date": "2014/08/17",
    "name": "Emma",
    "country": "China",
    "product": "Grape",
    "color": "Green",
    "price": 280300
}, {
    "id": "#Cust53",
    "date": "2014/08/16",
    "name": "Steve",
    "country": "Japan",
    "product": "Apple",
    "color": "Yellow",
    "price": 765100
}, {
    "id": "#Cust54",
    "date": "2014/08/15",
    "name": "Jennifer",
    "country": "China",
    "product": "Strawberry",
    "color": "Black",
    "price": 819300
}, {
    "id": "#Cust55",
    "date": "2014/08/14",
    "name": "Emma",
    "country": "China",
    "product": "Oragne",
    "color": "Brown",
    "price": 876100
}, {
    "id": "#Cust56",
    "date": "2014/08/13",
    "name": "Emma",
    "country": "Japan",
    "product": "Strawberry",
    "color": "Brown",
    "price": 606700
}, {
    "id": "#Cust57",
    "date": "2014/08/12",
    "name": "Han",
    "country": "USA",
    "product": "Oragne",
    "color": "Green",
    "price": 889600
}, {
    "id": "#Cust58",
    "date": "2014/08/11",
    "name": "Han",
    "country": "Korea",
    "product": "Grape",
    "color": "Green",
    "price": 521800
}, {
    "id": "#Cust59",
    "date": "2014/08/10",
    "name": "Han",
    "country": "Japan",
    "product": "Apple",
    "color": "White",
    "price": 231300
}, {
    "id": "#Cust60",
    "date": "2014/08/09",
    "name": "Jennifer",
    "country": "France",
    "product": "Apple",
    "color": "Red",
    "price": 51600
}, {
    "id": "#Cust61",
    "date": "2014/08/08",
    "name": "Jennifer",
    "country": "Korea",
    "product": "Grape",
    "color": "Black",
    "price": 890500
}, {
    "id": "#Cust62",
    "date": "2014/08/07",
    "name": "Emma",
    "country": "China",
    "product": "Strawberry",
    "color": "White",
    "price": 765600
}, {
    "id": "#Cust63",
    "date": "2014/08/06",
    "name": "Steve",
    "country": "Korea",
    "product": "Apple",
    "color": "Green",
    "price": 432700
}, {
    "id": "#Cust64",
    "date": "2014/08/05",
    "name": "Han",
    "country": "USA",
    "product": "Strawberry",
    "color": "Yellow",
    "price": 725700
}, {
    "id": "#Cust65",
    "date": "2014/08/04",
    "name": "Steve",
    "country": "Japan",
    "product": "Oragne",
    "color": "Black",
    "price": 774100
}, {
    "id": "#Cust66",
    "date": "2014/08/03",
    "name": "Kim",
    "country": "France",
    "product": "Grape",
    "color": "Blue",
    "price": 168500
}, {
    "id": "#Cust67",
    "date": "2014/08/02",
    "name": "Jennifer",
    "country": "UK",
    "product": "Apple",
    "color": "Blue",
    "price": 461100
}, {
    "id": "#Cust68",
    "date": "2014/08/01",
    "name": "Steve",
    "country": "USA",
    "product": "Oragne",
    "color": "Green",
    "price": 369100
}, {
    "id": "#Cust69",
    "date": "2014/07/31",
    "name": "Steve",
    "country": "UK",
    "product": "Strawberry",
    "color": "Black",
    "price": 857800
}, {
    "id": "#Cust70",
    "date": "2014/07/30",
    "name": "Jennifer",
    "country": "France",
    "product": "Apple",
    "color": "Red",
    "price": 611700
}, {
    "id": "#Cust71",
    "date": "2014/07/29",
    "name": "Jennifer",
    "country": "UK",
    "product": "Oragne",
    "color": "Black",
    "price": 464500
}, {
    "id": "#Cust72",
    "date": "2014/07/28",
    "name": "Steve",
    "country": "Japan",
    "product": "Oragne",
    "color": "Orange",
    "price": 65300
}, {
    "id": "#Cust73",
    "date": "2014/07/27",
    "name": "Kim",
    "country": "Japan",
    "product": "Strawberry",
    "color": "Yellow",
    "price": 119000
}, {
    "id": "#Cust74",
    "date": "2014/07/26",
    "name": "Han",
    "country": "China",
    "product": "Oragne",
    "color": "Black",
    "price": 194700
}, {
    "id": "#Cust75",
    "date": "2014/07/25",
    "name": "Emma",
    "country": "Korea",
    "product": "Grape",
    "color": "Black",
    "price": 145700
}, {
    "id": "#Cust76",
    "date": "2014/07/24",
    "name": "Kim",
    "country": "France",
    "product": "Apple",
    "color": "Yellow",
    "price": 315900
}, {
    "id": "#Cust77",
    "date": "2014/07/23",
    "name": "Jennifer",
    "country": "UK",
    "product": "Grape",
    "color": "Brown",
    "price": 541900
}, {
    "id": "#Cust78",
    "date": "2014/07/22",
    "name": "Anna",
    "country": "France",
    "product": "Apple",
    "color": "Green",
    "price": 736900
}, {
    "id": "#Cust79",
    "date": "2014/07/21",
    "name": "Anna",
    "country": "France",
    "product": "Oragne",
    "color": "Blue",
    "price": 634300
}, {
    "id": "#Cust80",
    "date": "2014/07/20",
    "name": "Lowrence",
    "country": "UK",
    "product": "Oragne",
    "color": "Yellow",
    "price": 535800
}, {
    "id": "#Cust81",
    "date": "2014/07/19",
    "name": "Kim",
    "country": "UK",
    "product": "Grape",
    "color": "White",
    "price": 474400
}, {
    "id": "#Cust82",
    "date": "2014/07/18",
    "name": "Jennifer",
    "country": "China",
    "product": "Strawberry",
    "color": "Brown",
    "price": 396600
}, {
    "id": "#Cust83",
    "date": "2014/07/17",
    "name": "Jennifer",
    "country": "Japan",
    "product": "Peach",
    "color": "Green",
    "price": 596600
}, {
    "id": "#Cust84",
    "date": "2014/07/16",
    "name": "Lowrence",
    "country": "Japan",
    "product": "Strawberry",
    "color": "Blue",
    "price": 135600
}, {
    "id": "#Cust85",
    "date": "2014/07/15",
    "name": "Lowrence",
    "country": "China",
    "product": "Apple",
    "color": "Blue",
    "price": 245100
}, {
    "id": "#Cust86",
    "date": "2014/07/14",
    "name": "Jennifer",
    "country": "Korea",
    "product": "Grape",
    "color": "Black",
    "price": 746500
}, {
    "id": "#Cust87",
    "date": "2014/07/13",
    "name": "Anna",
    "country": "Japan",
    "product": "Apple",
    "color": "Orange",
    "price": 880500
}, {
    "id": "#Cust88",
    "date": "2014/07/12",
    "name": "Emma",
    "country": "Japan",
    "product": "Grape",
    "color": "Black",
    "price": 535700
}, {
    "id": "#Cust89",
    "date": "2014/07/11",
    "name": "Steve",
    "country": "China",
    "product": "Apple",
    "color": "Brown",
    "price": 214000
}, {
    "id": "#Cust90",
    "date": "2014/07/10",
    "name": "Jennifer",
    "country": "USA",
    "product": "Peach",
    "color": "Red",
    "price": 798400
}, {
    "id": "#Cust91",
    "date": "2014/07/09",
    "name": "Han",
    "country": "Japan",
    "product": "Strawberry",
    "color": "Black",
    "price": 250900
}, {
    "id": "#Cust92",
    "date": "2014/07/08",
    "name": "Jennifer",
    "country": "France",
    "product": "Oragne",
    "color": "Green",
    "price": 947300
}, {
    "id": "#Cust93",
    "date": "2014/07/07",
    "name": "Steve",
    "country": "Japan",
    "product": "Grape",
    "color": "White",
    "price": 462700
}, {
    "id": "#Cust94",
    "date": "2014/07/06",
    "name": "Kim",
    "country": "China",
    "product": "Apple",
    "color": "Black",
    "price": 783200
}, {
    "id": "#Cust95",
    "date": "2014/07/05",
    "name": "Emma",
    "country": "Korea",
    "product": "Strawberry",
    "color": "Orange",
    "price": 54900
}, {
    "id": "#Cust96",
    "date": "2014/07/04",
    "name": "Jennifer",
    "country": "Japan",
    "product": "Oragne",
    "color": "Blue",
    "price": 893300
}, {
    "id": "#Cust97",
    "date": "2014/07/03",
    "name": "Anna",
    "country": "Japan",
    "product": "Strawberry",
    "color": "Blue",
    "price": 691200
}, {
    "id": "#Cust98",
    "date": "2014/07/02",
    "name": "Jennifer",
    "country": "USA",
    "product": "Strawberry",
    "color": "Black",
    "price": 727700
}, {
    "id": "#Cust99",
    "date": "2014/07/01",
    "name": "Kim",
    "country": "Korea",
    "product": "Oragne",
    "color": "Black",
    "price": 244200
}]