[{
    "id": "#Cust0",
    "date": "2014-10-08",
    "name": "Emma",
    "country": "Korea",
    "product": "Apple",
    "color": "Blue",
    "price": 843700
}, {
    "id": "#Cust1",
    "date": "2014-10-07",
    "name": "Han",
    "country": "USA",
    "product": "Peach",
    "color": "Red",
    "price": 513700
}, {
    "id": "#Cust2",
    "date": "2014-10-06",
    "name": "Anna",
    "country": "UK",
    "product": "Strawberry",
    "color": "Blue",
    "price": 463400
}, {
    "id": "#Cust3",
    "date": "2014-10-05",
    "name": "Lowrence",
    "country": "USA",
    "product": "Apple",
    "color": "Brown",
    "price": 794400
}, {
    "id": "#Cust4",
    "date": "2014-10-04",
    "name": "Han",
    "country": "France",
    "product": "Peach",
    "color": "Green",
    "price": 116900
}, {
    "id": "#Cust5",
    "date": "2014-10-03",
    "name": "Emma",
    "country": "Korea",
    "product": "Grape",
    "color": "Green",
    "price": 430700
}, {
    "id": "#Cust6",
    "date": "2014-10-02",
    "name": "Lowrence",
    "country": "Korea",
    "product": "Strawberry",
    "color": "Green",
    "price": 565000
}, {
    "id": "#Cust7",
    "date": "2014-10-01",
    "name": "Kim",
    "country": "UK",
    "product": "Peach",
    "color": "Red",
    "price": 757300
}]