<items>
	<item>
		<name>홍길동</name>
		<position>과장</position>
		<year>8년</year>
		<salary>48000000</salary>
	</item>
	<item>
		<name>김대리</name>
		<position>과장대리</position>
		<year>6년</year>
		<salary>38000000</salary>
	</item>
	<item>
		<name>이진리</name>
		<position>사원</position>
		<year>3년</year>
		<salary>32000000</salary>
	</item>
	<item>
		<name>최소원</name>
		<position>사원</position>
		<year>3년</year>
		<salary>32000000</salary>
	</item>
	<item>
		<name>김말단</name>
		<position>사원</position>
		<year>1년</year>
		<salary>28000000</salary>
	</item>
</items>

