[{
    "custId": "cust3",
    "orderId": "cust3-001",
    "product": "IPad Air",
    "quantity": 9,
    "date": "2015-01-28"
}, {
    "custId": "cust3",
    "orderId": "cust3-002",
    "product": "Galaxy Note3",
    "quantity": 7,
    "date": "2015-01-27"
}, {
    "custId": "cust3",
    "orderId": "cust3-003",
    "product": "Galaxy Note3",
    "quantity": 7,
    "date": "2015-01-26"
}, {
    "custId": "cust3",
    "orderId": "cust3-004",
    "product": "IPhone 5S",
    "quantity": 1,
    "date": "2015-01-25"
}, {
    "custId": "cust3",
    "orderId": "cust3-005",
    "product": "IPhone 5S",
    "quantity": 1,
    "date": "2015-01-24"
}, {
    "custId": "cust3",
    "orderId": "cust3-006",
    "product": "IPad Air",
    "quantity": 9,
    "date": "2015-01-23"
}, {
    "custId": "cust3",
    "orderId": "cust3-007",
    "product": "IPhone 5S",
    "quantity": 1,
    "date": "2015-01-22"
}, {
    "custId": "cust3",
    "orderId": "cust3-008",
    "product": "IPad Air",
    "quantity": 9,
    "date": "2015-01-21"
}, {
    "custId": "cust3",
    "orderId": "cust3-009",
    "product": "Galaxy S5",
    "quantity": 3,
    "date": "2015-01-20"
}, {
    "custId": "cust3",
    "orderId": "cust3-0010",
    "product": "Galaxy Note3",
    "quantity": 7,
    "date": "2015-01-19"
}, {
    "custId": "cust3",
    "orderId": "cust3-0011",
    "product": "IPhone 5S",
    "quantity": 1,
    "date": "2015-01-18"
}, {
    "custId": "cust3",
    "orderId": "cust3-0012",
    "product": "IPhone 5S",
    "quantity": 1,
    "date": "2015-01-17"
}]