<?xml version='1.0' encoding='UTF-8'?>
<rows>
	<row>
		<id>#Cust0</id>
		<date>2014-10-08</date>
		<name>Jennifer</name>
		<country>Italy</country>
		<flag>italy.png</flag>
		<product>IPad Air</product>
		<color>Orange</color>
		<quantity>15</quantity>
		<price>426700</price>
	</row>
	<row>
		<id>#Cust1</id>
		<date>2014-10-07</date>
		<name>Steve</name>
		<country>China</country>
		<flag>china.png</flag>
		<product>IPad Air</product>
		<color>Green</color>
		<quantity>10</quantity>
		<price>360600</price>
	</row>
	<row>
		<id>#Cust2</id>
		<date>2014-10-06</date>
		<name>Steve</name>
		<country>Singapore</country>
		<flag>singapore.png</flag>
		<product>LG G3</product>
		<color>Gray</color>
		<quantity>20</quantity>
		<price>389100</price>
	</row>
	<row>
		<id>#Cust3</id>
		<date>2014-10-05</date>
		<name>Kim</name>
		<country>China</country>
		<flag>china.png</flag>
		<product>Galaxy S5</product>
		<color>Green</color>
		<quantity>10</quantity>
		<price>937900</price>
	</row>
	<row>
		<id>#Cust4</id>
		<date>2014-10-04</date>
		<name>Emma</name>
		<country>Italy</country>
		<flag>italy.png</flag>
		<product>Galaxy Note3</product>
		<color>Blue</color>
		<quantity>15</quantity>
		<price>11400</price>
	</row>
	<row>
		<id>#Cust5</id>
		<date>2014-10-03</date>
		<name>Jennifer</name>
		<country>China</country>
		<flag>china.png</flag>
		<product>LG G3</product>
		<color>Violet</color>
		<quantity>10</quantity>
		<price>755600</price>
	</row>
	<row>
		<id>#Cust6</id>
		<date>2014-10-02</date>
		<name>Anna</name>
		<country>Ireland</country>
		<flag>ireland.png</flag>
		<product>IPad Air</product>
		<color>Pink</color>
		<quantity>12</quantity>
		<price>257700</price>
	</row>
	<row>
		<id>#Cust7</id>
		<date>2014-10-01</date>
		<name>Emma</name>
		<country>Ireland</country>
		<flag>ireland.png</flag>
		<product>IPhone 5S</product>
		<color>Violet</color>
		<quantity>12</quantity>
		<price>668500</price>
	</row>
	<row>
		<id>#Cust8</id>
		<date>2014-09-30</date>
		<name>Kim</name>
		<country>Singapore</country>
		<flag>singapore.png</flag>
		<product>IPhone 5S</product>
		<color>Orange</color>
		<quantity>20</quantity>
		<price>312300</price>
	</row>
	<row>
		<id>#Cust9</id>
		<date>2014-09-29</date>
		<name>Steve</name>
		<country>Italy</country>
		<flag>italy.png</flag>
		<product>IPhone 5S</product>
		<color>Violet</color>
		<quantity>15</quantity>
		<price>875500</price>
	</row>
	<row>
		<id>#Cust10</id>
		<date>2014-09-28</date>
		<name>Kim</name>
		<country>Korea</country>
		<flag>korea.png</flag>
		<product>Galaxy S5</product>
		<color>Blue</color>
		<quantity>1</quantity>
		<price>327300</price>
	</row>
	<row>
		<id>#Cust11</id>
		<date>2014-09-27</date>
		<name>Jennifer</name>
		<country>Japan</country>
		<flag>japan.png</flag>
		<product>IPad Air</product>
		<color>Blue</color>
		<quantity>7</quantity>
		<price>670300</price>
	</row>
	<row>
		<id>#Cust12</id>
		<date>2014-09-26</date>
		<name>Jennifer</name>
		<country>France</country>
		<flag>france.png</flag>
		<product>IPad Air</product>
		<color>Blue</color>
		<quantity>0</quantity>
		<price>174100</price>
	</row>
	<row>
		<id>#Cust13</id>
		<date>2014-09-25</date>
		<name>Jennifer</name>
		<country>Ireland</country>
		<flag>ireland.png</flag>
		<product>Galaxy Note3</product>
		<color>Violet</color>
		<quantity>12</quantity>
		<price>189500</price>
	</row>
	<row>
		<id>#Cust14</id>
		<date>2014-09-24</date>
		<name>Steve</name>
		<country>UK</country>
		<flag>uk.png</flag>
		<product>Galaxy S5</product>
		<color>Blue</color>
		<quantity>9</quantity>
		<price>192100</price>
	</row>
	<row>
		<id>#Cust15</id>
		<date>2014-09-23</date>
		<name>Kim</name>
		<country>Japan</country>
		<flag>japan.png</flag>
		<product>IPad Air</product>
		<color>Orange</color>
		<quantity>7</quantity>
		<price>162900</price>
	</row>
	<row>
		<id>#Cust16</id>
		<date>2014-09-22</date>
		<name>Emma</name>
		<country>Singapore</country>
		<flag>singapore.png</flag>
		<product>Galaxy Note3</product>
		<color>Orange</color>
		<quantity>20</quantity>
		<price>939400</price>
	</row>
	<row>
		<id>#Cust17</id>
		<date>2014-09-21</date>
		<name>Emma</name>
		<country>Italy</country>
		<flag>italy.png</flag>
		<product>LG G3</product>
		<color>Violet</color>
		<quantity>15</quantity>
		<price>664500</price>
	</row>
	<row>
		<id>#Cust18</id>
		<date>2014-09-20</date>
		<name>Emma</name>
		<country>USA</country>
		<flag>usa.png</flag>
		<product>IPad Air</product>
		<color>Orange</color>
		<quantity>3</quantity>
		<price>944700</price>
	</row>
	<row>
		<id>#Cust19</id>
		<date>2014-09-19</date>
		<name>Emma</name>
		<country>UK</country>
		<flag>uk.png</flag>
		<product>IPad Air</product>
		<color>Orange</color>
		<quantity>9</quantity>
		<price>863300</price>
	</row>
	<row>
		<id>#Cust20</id>
		<date>2014-09-18</date>
		<name>Kim</name>
		<country>Singapore</country>
		<flag>singapore.png</flag>
		<product>Galaxy Note3</product>
		<color>Yellow</color>
		<quantity>20</quantity>
		<price>453900</price>
	</row>
	<row>
		<id>#Cust21</id>
		<date>2014-09-17</date>
		<name>Anna</name>
		<country>Korea</country>
		<flag>korea.png</flag>
		<product>Galaxy Note3</product>
		<color>Yellow</color>
		<quantity>1</quantity>
		<price>770800</price>
	</row>
	<row>
		<id>#Cust22</id>
		<date>2014-09-16</date>
		<name>Kim</name>
		<country>Singapore</country>
		<flag>singapore.png</flag>
		<product>Galaxy Note3</product>
		<color>Blue</color>
		<quantity>20</quantity>
		<price>181100</price>
	</row>
	<row>
		<id>#Cust23</id>
		<date>2014-09-15</date>
		<name>Lowrence</name>
		<country>Singapore</country>
		<flag>singapore.png</flag>
		<product>Galaxy Note3</product>
		<color>Blue</color>
		<quantity>20</quantity>
		<price>991900</price>
	</row>
	<row>
		<id>#Cust24</id>
		<date>2014-09-14</date>
		<name>Anna</name>
		<country>Japan</country>
		<flag>japan.png</flag>
		<product>IPhone 5S</product>
		<color>Gray</color>
		<quantity>7</quantity>
		<price>60100</price>
	</row>
	<row>
		<id>#Cust25</id>
		<date>2014-09-13</date>
		<name>Anna</name>
		<country>Japan</country>
		<flag>japan.png</flag>
		<product>LG G3</product>
		<color>Blue</color>
		<quantity>7</quantity>
		<price>477000</price>
	</row>
	<row>
		<id>#Cust26</id>
		<date>2014-09-12</date>
		<name>Lowrence</name>
		<country>Singapore</country>
		<flag>singapore.png</flag>
		<product>Galaxy Note3</product>
		<color>Green</color>
		<quantity>20</quantity>
		<price>992300</price>
	</row>
	<row>
		<id>#Cust27</id>
		<date>2014-09-11</date>
		<name>Kim</name>
		<country>USA</country>
		<flag>usa.png</flag>
		<product>Galaxy S5</product>
		<color>Blue</color>
		<quantity>3</quantity>
		<price>267900</price>
	</row>
	<row>
		<id>#Cust28</id>
		<date>2014-09-10</date>
		<name>Lowrence</name>
		<country>Ireland</country>
		<flag>ireland.png</flag>
		<product>IPhone 5S</product>
		<color>Green</color>
		<quantity>12</quantity>
		<price>601000</price>
	</row>
	<row>
		<id>#Cust29</id>
		<date>2014-09-09</date>
		<name>Kim</name>
		<country>Italy</country>
		<flag>italy.png</flag>
		<product>IPad Air</product>
		<color>Pink</color>
		<quantity>15</quantity>
		<price>251500</price>
	</row>
	<row>
		<id>#Cust30</id>
		<date>2014-09-08</date>
		<name>Lowrence</name>
		<country>UK</country>
		<flag>uk.png</flag>
		<product>LG G3</product>
		<color>Green</color>
		<quantity>9</quantity>
		<price>974100</price>
	</row>
	<row>
		<id>#Cust31</id>
		<date>2014-09-07</date>
		<name>Kim</name>
		<country>Ireland</country>
		<flag>ireland.png</flag>
		<product>Galaxy Note3</product>
		<color>Green</color>
		<quantity>12</quantity>
		<price>907800</price>
	</row>
	<row>
		<id>#Cust32</id>
		<date>2014-09-06</date>
		<name>Emma</name>
		<country>Japan</country>
		<flag>japan.png</flag>
		<product>IPhone 5S</product>
		<color>Green</color>
		<quantity>7</quantity>
		<price>421800</price>
	</row>
	<row>
		<id>#Cust33</id>
		<date>2014-09-05</date>
		<name>Steve</name>
		<country>China</country>
		<flag>china.png</flag>
		<product>Galaxy Note3</product>
		<color>Orange</color>
		<quantity>10</quantity>
		<price>63000</price>
	</row>
	<row>
		<id>#Cust34</id>
		<date>2014-09-04</date>
		<name>Anna</name>
		<country>Singapore</country>
		<flag>singapore.png</flag>
		<product>LG G3</product>
		<color>Green</color>
		<quantity>20</quantity>
		<price>220300</price>
	</row>
	<row>
		<id>#Cust35</id>
		<date>2014-09-03</date>
		<name>Anna</name>
		<country>China</country>
		<flag>china.png</flag>
		<product>Galaxy Note3</product>
		<color>Violet</color>
		<quantity>10</quantity>
		<price>632500</price>
	</row>
	<row>
		<id>#Cust36</id>
		<date>2014-09-02</date>
		<name>Steve</name>
		<country>Singapore</country>
		<flag>singapore.png</flag>
		<product>IPad Air</product>
		<color>Blue</color>
		<quantity>20</quantity>
		<price>365600</price>
	</row>
	<row>
		<id>#Cust37</id>
		<date>2014-09-01</date>
		<name>Emma</name>
		<country>Italy</country>
		<flag>italy.png</flag>
		<product>IPhone 5S</product>
		<color>Yellow</color>
		<quantity>15</quantity>
		<price>380000</price>
	</row>
	<row>
		<id>#Cust38</id>
		<date>2014-08-31</date>
		<name>Anna</name>
		<country>China</country>
		<flag>china.png</flag>
		<product>IPad Air</product>
		<color>Orange</color>
		<quantity>10</quantity>
		<price>323100</price>
	</row>
	<row>
		<id>#Cust39</id>
		<date>2014-08-30</date>
		<name>Steve</name>
		<country>France</country>
		<flag>france.png</flag>
		<product>IPhone 5S</product>
		<color>Gray</color>
		<quantity>0</quantity>
		<price>659700</price>
	</row>
	<row>
		<id>#Cust40</id>
		<date>2014-08-29</date>
		<name>Steve</name>
		<country>Japan</country>
		<flag>japan.png</flag>
		<product>IPad Air</product>
		<color>Pink</color>
		<quantity>7</quantity>
		<price>775700</price>
	</row>
	<row>
		<id>#Cust41</id>
		<date>2014-08-28</date>
		<name>Anna</name>
		<country>Italy</country>
		<flag>italy.png</flag>
		<product>IPhone 5S</product>
		<color>Yellow</color>
		<quantity>15</quantity>
		<price>172100</price>
	</row>
	<row>
		<id>#Cust42</id>
		<date>2014-08-27</date>
		<name>Steve</name>
		<country>Singapore</country>
		<flag>singapore.png</flag>
		<product>LG G3</product>
		<color>Green</color>
		<quantity>20</quantity>
		<price>377100</price>
	</row>
	<row>
		<id>#Cust43</id>
		<date>2014-08-26</date>
		<name>Kim</name>
		<country>UK</country>
		<flag>uk.png</flag>
		<product>IPad Air</product>
		<color>Gray</color>
		<quantity>9</quantity>
		<price>708400</price>
	</row>
	<row>
		<id>#Cust44</id>
		<date>2014-08-25</date>
		<name>Lowrence</name>
		<country>UK</country>
		<flag>uk.png</flag>
		<product>IPad Air</product>
		<color>Yellow</color>
		<quantity>9</quantity>
		<price>497100</price>
	</row>
	<row>
		<id>#Cust45</id>
		<date>2014-08-24</date>
		<name>Lowrence</name>
		<country>France</country>
		<flag>france.png</flag>
		<product>Galaxy S5</product>
		<color>Orange</color>
		<quantity>0</quantity>
		<price>906600</price>
	</row>
	<row>
		<id>#Cust46</id>
		<date>2014-08-23</date>
		<name>Jennifer</name>
		<country>Korea</country>
		<flag>korea.png</flag>
		<product>IPhone 5S</product>
		<color>Orange</color>
		<quantity>1</quantity>
		<price>975600</price>
	</row>
	<row>
		<id>#Cust47</id>
		<date>2014-08-22</date>
		<name>Lowrence</name>
		<country>Japan</country>
		<flag>japan.png</flag>
		<product>IPad Air</product>
		<color>Blue</color>
		<quantity>7</quantity>
		<price>997100</price>
	</row>
	<row>
		<id>#Cust48</id>
		<date>2014-08-21</date>
		<name>Jennifer</name>
		<country>UK</country>
		<flag>uk.png</flag>
		<product>LG G3</product>
		<color>Yellow</color>
		<quantity>9</quantity>
		<price>872100</price>
	</row>
	<row>
		<id>#Cust49</id>
		<date>2014-08-20</date>
		<name>Anna</name>
		<country>Singapore</country>
		<flag>singapore.png</flag>
		<product>Galaxy Note3</product>
		<color>Violet</color>
		<quantity>20</quantity>
		<price>554300</price>
	</row>
	<row>
		<id>#Cust50</id>
		<date>2014-08-19</date>
		<name>Kim</name>
		<country>Italy</country>
		<flag>italy.png</flag>
		<product>IPad Air</product>
		<color>Violet</color>
		<quantity>15</quantity>
		<price>213900</price>
	</row>
	<row>
		<id>#Cust51</id>
		<date>2014-08-18</date>
		<name>Lowrence</name>
		<country>Korea</country>
		<flag>korea.png</flag>
		<product>IPhone 5S</product>
		<color>Gray</color>
		<quantity>1</quantity>
		<price>245700</price>
	</row>
	<row>
		<id>#Cust52</id>
		<date>2014-08-17</date>
		<name>Anna</name>
		<country>Ireland</country>
		<flag>ireland.png</flag>
		<product>LG G3</product>
		<color>Pink</color>
		<quantity>12</quantity>
		<price>745600</price>
	</row>
	<row>
		<id>#Cust53</id>
		<date>2014-08-16</date>
		<name>Lowrence</name>
		<country>Japan</country>
		<flag>japan.png</flag>
		<product>IPad Air</product>
		<color>Blue</color>
		<quantity>7</quantity>
		<price>582500</price>
	</row>
	<row>
		<id>#Cust54</id>
		<date>2014-08-15</date>
		<name>Anna</name>
		<country>Singapore</country>
		<flag>singapore.png</flag>
		<product>Galaxy Note3</product>
		<color>Blue</color>
		<quantity>20</quantity>
		<price>683600</price>
	</row>
	<row>
		<id>#Cust55</id>
		<date>2014-08-14</date>
		<name>Emma</name>
		<country>USA</country>
		<flag>usa.png</flag>
		<product>LG G3</product>
		<color>Yellow</color>
		<quantity>3</quantity>
		<price>670900</price>
	</row>
	<row>
		<id>#Cust56</id>
		<date>2014-08-13</date>
		<name>Steve</name>
		<country>Singapore</country>
		<flag>singapore.png</flag>
		<product>IPhone 5S</product>
		<color>Yellow</color>
		<quantity>20</quantity>
		<price>461100</price>
	</row>
	<row>
		<id>#Cust57</id>
		<date>2014-08-12</date>
		<name>Jennifer</name>
		<country>France</country>
		<flag>france.png</flag>
		<product>IPad Air</product>
		<color>Gray</color>
		<quantity>0</quantity>
		<price>959900</price>
	</row>
	<row>
		<id>#Cust58</id>
		<date>2014-08-11</date>
		<name>Kim</name>
		<country>Korea</country>
		<flag>korea.png</flag>
		<product>IPhone 5S</product>
		<color>Violet</color>
		<quantity>1</quantity>
		<price>480000</price>
	</row>
	<row>
		<id>#Cust59</id>
		<date>2014-08-10</date>
		<name>Anna</name>
		<country>Italy</country>
		<flag>italy.png</flag>
		<product>IPad Air</product>
		<color>Pink</color>
		<quantity>15</quantity>
		<price>992800</price>
	</row>
	<row>
		<id>#Cust60</id>
		<date>2014-08-09</date>
		<name>Steve</name>
		<country>China</country>
		<flag>china.png</flag>
		<product>IPad Air</product>
		<color>Yellow</color>
		<quantity>10</quantity>
		<price>861500</price>
	</row>
	<row>
		<id>#Cust61</id>
		<date>2014-08-08</date>
		<name>Lowrence</name>
		<country>France</country>
		<flag>france.png</flag>
		<product>Galaxy Note3</product>
		<color>Green</color>
		<quantity>0</quantity>
		<price>156800</price>
	</row>
	<row>
		<id>#Cust62</id>
		<date>2014-08-07</date>
		<name>Jennifer</name>
		<country>China</country>
		<flag>china.png</flag>
		<product>Galaxy Note3</product>
		<color>Yellow</color>
		<quantity>10</quantity>
		<price>196500</price>
	</row>
	<row>
		<id>#Cust63</id>
		<date>2014-08-06</date>
		<name>Lowrence</name>
		<country>France</country>
		<flag>france.png</flag>
		<product>LG G3</product>
		<color>Orange</color>
		<quantity>0</quantity>
		<price>430700</price>
	</row>
	<row>
		<id>#Cust64</id>
		<date>2014-08-05</date>
		<name>Anna</name>
		<country>Singapore</country>
		<flag>singapore.png</flag>
		<product>Galaxy Note3</product>
		<color>Green</color>
		<quantity>20</quantity>
		<price>292000</price>
	</row>
	<row>
		<id>#Cust65</id>
		<date>2014-08-04</date>
		<name>Steve</name>
		<country>Singapore</country>
		<flag>singapore.png</flag>
		<product>Galaxy S5</product>
		<color>Pink</color>
		<quantity>20</quantity>
		<price>140100</price>
	</row>
	<row>
		<id>#Cust66</id>
		<date>2014-08-03</date>
		<name>Jennifer</name>
		<country>Italy</country>
		<flag>italy.png</flag>
		<product>LG G3</product>
		<color>Yellow</color>
		<quantity>15</quantity>
		<price>925700</price>
	</row>
	<row>
		<id>#Cust67</id>
		<date>2014-08-02</date>
		<name>Jennifer</name>
		<country>Ireland</country>
		<flag>ireland.png</flag>
		<product>IPad Air</product>
		<color>Blue</color>
		<quantity>12</quantity>
		<price>701800</price>
	</row>
	<row>
		<id>#Cust68</id>
		<date>2014-08-01</date>
		<name>Jennifer</name>
		<country>Ireland</country>
		<flag>ireland.png</flag>
		<product>LG G3</product>
		<color>Orange</color>
		<quantity>12</quantity>
		<price>594900</price>
	</row>
	<row>
		<id>#Cust69</id>
		<date>2014-07-31</date>
		<name>Anna</name>
		<country>USA</country>
		<flag>usa.png</flag>
		<product>Galaxy Note3</product>
		<color>Gray</color>
		<quantity>3</quantity>
		<price>379000</price>
	</row>
	<row>
		<id>#Cust70</id>
		<date>2014-07-30</date>
		<name>Kim</name>
		<country>Singapore</country>
		<flag>singapore.png</flag>
		<product>Galaxy S5</product>
		<color>Violet</color>
		<quantity>20</quantity>
		<price>263600</price>
	</row>
	<row>
		<id>#Cust71</id>
		<date>2014-07-29</date>
		<name>Anna</name>
		<country>France</country>
		<flag>france.png</flag>
		<product>Galaxy S5</product>
		<color>Green</color>
		<quantity>0</quantity>
		<price>26500</price>
	</row>
	<row>
		<id>#Cust72</id>
		<date>2014-07-28</date>
		<name>Steve</name>
		<country>Singapore</country>
		<flag>singapore.png</flag>
		<product>Galaxy Note3</product>
		<color>Blue</color>
		<quantity>20</quantity>
		<price>115200</price>
	</row>
	<row>
		<id>#Cust73</id>
		<date>2014-07-27</date>
		<name>Anna</name>
		<country>USA</country>
		<flag>usa.png</flag>
		<product>IPad Air</product>
		<color>Yellow</color>
		<quantity>3</quantity>
		<price>842400</price>
	</row>
	<row>
		<id>#Cust74</id>
		<date>2014-07-26</date>
		<name>Steve</name>
		<country>China</country>
		<flag>china.png</flag>
		<product>Galaxy S5</product>
		<color>Yellow</color>
		<quantity>10</quantity>
		<price>302000</price>
	</row>
	<row>
		<id>#Cust75</id>
		<date>2014-07-25</date>
		<name>Anna</name>
		<country>France</country>
		<flag>france.png</flag>
		<product>LG G3</product>
		<color>Gray</color>
		<quantity>0</quantity>
		<price>122000</price>
	</row>
	<row>
		<id>#Cust76</id>
		<date>2014-07-24</date>
		<name>Anna</name>
		<country>Singapore</country>
		<flag>singapore.png</flag>
		<product>IPhone 5S</product>
		<color>Gray</color>
		<quantity>20</quantity>
		<price>695100</price>
	</row>
	<row>
		<id>#Cust77</id>
		<date>2014-07-23</date>
		<name>Emma</name>
		<country>Italy</country>
		<flag>italy.png</flag>
		<product>IPhone 5S</product>
		<color>Gray</color>
		<quantity>15</quantity>
		<price>999300</price>
	</row>
	<row>
		<id>#Cust78</id>
		<date>2014-07-22</date>
		<name>Anna</name>
		<country>Italy</country>
		<flag>italy.png</flag>
		<product>LG G3</product>
		<color>Green</color>
		<quantity>15</quantity>
		<price>635100</price>
	</row>
	<row>
		<id>#Cust79</id>
		<date>2014-07-21</date>
		<name>Anna</name>
		<country>Italy</country>
		<flag>italy.png</flag>
		<product>Galaxy Note3</product>
		<color>Orange</color>
		<quantity>15</quantity>
		<price>207700</price>
	</row>
	<row>
		<id>#Cust80</id>
		<date>2014-07-20</date>
		<name>Kim</name>
		<country>Italy</country>
		<flag>italy.png</flag>
		<product>LG G3</product>
		<color>Violet</color>
		<quantity>15</quantity>
		<price>679900</price>
	</row>
	<row>
		<id>#Cust81</id>
		<date>2014-07-19</date>
		<name>Kim</name>
		<country>Japan</country>
		<flag>japan.png</flag>
		<product>LG G3</product>
		<color>Violet</color>
		<quantity>7</quantity>
		<price>818700</price>
	</row>
	<row>
		<id>#Cust82</id>
		<date>2014-07-18</date>
		<name>Jennifer</name>
		<country>Korea</country>
		<flag>korea.png</flag>
		<product>Galaxy S5</product>
		<color>Pink</color>
		<quantity>1</quantity>
		<price>357300</price>
	</row>
	<row>
		<id>#Cust83</id>
		<date>2014-07-17</date>
		<name>Jennifer</name>
		<country>UK</country>
		<flag>uk.png</flag>
		<product>IPhone 5S</product>
		<color>Yellow</color>
		<quantity>9</quantity>
		<price>2700</price>
	</row>
	<row>
		<id>#Cust84</id>
		<date>2014-07-16</date>
		<name>Steve</name>
		<country>Ireland</country>
		<flag>ireland.png</flag>
		<product>LG G3</product>
		<color>Violet</color>
		<quantity>12</quantity>
		<price>912500</price>
	</row>
	<row>
		<id>#Cust85</id>
		<date>2014-07-15</date>
		<name>Lowrence</name>
		<country>Korea</country>
		<flag>korea.png</flag>
		<product>Galaxy Note3</product>
		<color>Gray</color>
		<quantity>1</quantity>
		<price>768800</price>
	</row>
	<row>
		<id>#Cust86</id>
		<date>2014-07-14</date>
		<name>Lowrence</name>
		<country>France</country>
		<flag>france.png</flag>
		<product>IPad Air</product>
		<color>Orange</color>
		<quantity>0</quantity>
		<price>62100</price>
	</row>
	<row>
		<id>#Cust87</id>
		<date>2014-07-13</date>
		<name>Jennifer</name>
		<country>Singapore</country>
		<flag>singapore.png</flag>
		<product>Galaxy S5</product>
		<color>Pink</color>
		<quantity>20</quantity>
		<price>724600</price>
	</row>
	<row>
		<id>#Cust88</id>
		<date>2014-07-12</date>
		<name>Anna</name>
		<country>UK</country>
		<flag>uk.png</flag>
		<product>Galaxy Note3</product>
		<color>Blue</color>
		<quantity>9</quantity>
		<price>737200</price>
	</row>
	<row>
		<id>#Cust89</id>
		<date>2014-07-11</date>
		<name>Lowrence</name>
		<country>UK</country>
		<flag>uk.png</flag>
		<product>IPad Air</product>
		<color>Blue</color>
		<quantity>9</quantity>
		<price>818500</price>
	</row>
	<row>
		<id>#Cust90</id>
		<date>2014-07-10</date>
		<name>Anna</name>
		<country>USA</country>
		<flag>usa.png</flag>
		<product>IPad Air</product>
		<color>Pink</color>
		<quantity>3</quantity>
		<price>842000</price>
	</row>
	<row>
		<id>#Cust91</id>
		<date>2014-07-09</date>
		<name>Emma</name>
		<country>Italy</country>
		<flag>italy.png</flag>
		<product>IPhone 5S</product>
		<color>Blue</color>
		<quantity>15</quantity>
		<price>94200</price>
	</row>
	<row>
		<id>#Cust92</id>
		<date>2014-07-08</date>
		<name>Steve</name>
		<country>Korea</country>
		<flag>korea.png</flag>
		<product>Galaxy Note3</product>
		<color>Yellow</color>
		<quantity>1</quantity>
		<price>997100</price>
	</row>
	<row>
		<id>#Cust93</id>
		<date>2014-07-07</date>
		<name>Steve</name>
		<country>Ireland</country>
		<flag>ireland.png</flag>
		<product>Galaxy S5</product>
		<color>Yellow</color>
		<quantity>12</quantity>
		<price>436800</price>
	</row>
	<row>
		<id>#Cust94</id>
		<date>2014-07-06</date>
		<name>Jennifer</name>
		<country>France</country>
		<flag>france.png</flag>
		<product>IPad Air</product>
		<color>Yellow</color>
		<quantity>0</quantity>
		<price>293100</price>
	</row>
	<row>
		<id>#Cust95</id>
		<date>2014-07-05</date>
		<name>Steve</name>
		<country>Italy</country>
		<flag>italy.png</flag>
		<product>Galaxy S5</product>
		<color>Green</color>
		<quantity>15</quantity>
		<price>328200</price>
	</row>
	<row>
		<id>#Cust96</id>
		<date>2014-07-04</date>
		<name>Jennifer</name>
		<country>USA</country>
		<flag>usa.png</flag>
		<product>IPhone 5S</product>
		<color>Yellow</color>
		<quantity>3</quantity>
		<price>37400</price>
	</row>
	<row>
		<id>#Cust97</id>
		<date>2014-07-03</date>
		<name>Emma</name>
		<country>China</country>
		<flag>china.png</flag>
		<product>IPhone 5S</product>
		<color>Orange</color>
		<quantity>10</quantity>
		<price>591800</price>
	</row>
	<row>
		<id>#Cust98</id>
		<date>2014-07-02</date>
		<name>Jennifer</name>
		<country>China</country>
		<flag>china.png</flag>
		<product>Galaxy Note3</product>
		<color>Yellow</color>
		<quantity>10</quantity>
		<price>507100</price>
	</row>
	<row>
		<id>#Cust99</id>
		<date>2014-07-01</date>
		<name>Lowrence</name>
		<country>Singapore</country>
		<flag>singapore.png</flag>
		<product>Galaxy Note3</product>
		<color>Blue</color>
		<quantity>20</quantity>
		<price>146600</price>
	</row>
</rows>
