[{
    "gubun1": "총계",
    "gubun2": "소계",
    "avg98": "1,271.7",
    "sdev98": "15.1",
    "avg01": "1,288.5",
    "sdev01": "13.7",
    "avg05": "1,273.6",
    "sdev05": "13.2",
    "avg07": "1,292.9",
    "sdev07": "18.4",
    "avg08": "1,318.8",
    "sdev08": "13.9",
    "avg09": "1,343.2",
    "sdev09": "13.6",
    "avg10": "1,505.3",
    "sdev10": "17.0",
    "avg11": "1,457.8",
    "sdev11": "17.9",
    "avg12": "1,435.5",
    "sdev12": "17.6"
}, {
    "gubun1": "식물성식품 섭취분율(%)",
    "gubun2": "소계",
    "avg98": "80.7",
    "sdev98": "0.3",
    "avg01": "79.6",
    "sdev01": "0.3",
    "avg05": "78.3",
    "sdev05": "0.2",
    "avg07": "80.3",
    "sdev07": "0.4",
    "avg08": "80.3",
    "sdev08": "0.3",
    "avg09": "80.2",
    "sdev09": "0.2",
    "avg10": "79.4",
    "sdev10": "0.2",
    "avg11": "79.3",
    "sdev11": "0.3",
    "avg12": "79.4",
    "sdev12": "0.3"
}, {
    "gubun1": "동물성식품 섭취분율(%)",
    "gubun2": "소계",
    "avg98": "19.3",
    "sdev98": "0.3",
    "avg01": "20.4",
    "sdev01": "0.3",
    "avg05": "21.7",
    "sdev05": "0.2",
    "avg07": "19.7",
    "sdev07": "0.4",
    "avg08": "19.7",
    "sdev08": "0.3",
    "avg09": "19.8",
    "sdev09": "0.2",
    "avg10": "20.6",
    "sdev10": "0.2",
    "avg11": "20.7",
    "sdev11": "0.3",
    "avg12": "20.6",
    "sdev12": "0.3"
}, {
    "gubun1": "식물성식품 계",
    "gubun2": "소계",
    "avg98": "1,027.1",
    "sdev98": "12.7",
    "avg01": "1,027.5",
    "sdev01": "11.5",
    "avg05": "997.9",
    "sdev05": "11.0",
    "avg07": "1,038.9",
    "sdev07": "14.7",
    "avg08": "1,060.9",
    "sdev08": "11.9",
    "avg09": "1,080.2",
    "sdev09": "11.5",
    "avg10": "1,200.9",
    "sdev10": "15.1",
    "avg11": "1,161.8",
    "sdev11": "15.7",
    "avg12": "1,143.1",
    "sdev12": "14.5"
}, {
    "gubun1": "식물성식품 계",
    "gubun2": "곡류",
    "avg98": "336.0",
    "sdev98": "3.3",
    "avg01": "287.5",
    "sdev01": "2.9",
    "avg05": "314.5",
    "sdev05": "2.7",
    "avg07": "290.0",
    "sdev07": "3.2",
    "avg08": "293.6",
    "sdev08": "2.7",
    "avg09": "294.6",
    "sdev09": "2.2",
    "avg10": "315.3",
    "sdev10": "2.8",
    "avg11": "309.8",
    "sdev11": "2.8",
    "avg12": "300.8",
    "sdev12": "3.0"
}, {
    "gubun1": "식물성식품 계",
    "gubun2": "감자·전분류",
    "avg98": "35.2",
    "sdev98": "1.7",
    "avg01": "26.5",
    "sdev01": "1.0",
    "avg05": "20.2",
    "sdev05": "0.8",
    "avg07": "34.3",
    "sdev07": "2.9",
    "avg08": "37.4",
    "sdev08": "1.8",
    "avg09": "37.3",
    "sdev09": "1.8",
    "avg10": "33.7",
    "sdev10": "1.6",
    "avg11": "35.4",
    "sdev11": "1.6",
    "avg12": "32.2",
    "sdev12": "1.6"
}, {
    "gubun1": "식물성식품 계",
    "gubun2": "당류",
    "avg98": "7.3",
    "sdev98": "0.2",
    "avg01": "10.9",
    "sdev01": "0.2",
    "avg05": "7.3",
    "sdev05": "0.2",
    "avg07": "8.1",
    "sdev07": "0.4",
    "avg08": "7.7",
    "sdev08": "0.2",
    "avg09": "7.7",
    "sdev09": "0.2",
    "avg10": "9.7",
    "sdev10": "0.4",
    "avg11": "10.5",
    "sdev11": "0.4",
    "avg12": "10.1",
    "sdev12": "0.4"
}, {
    "gubun1": "식물성식품 계",
    "gubun2": "두류",
    "avg98": "30.5",
    "sdev98": "1.0",
    "avg01": "31.5",
    "sdev01": "1.0",
    "avg05": "38.7",
    "sdev05": "1.1",
    "avg07": "37.7",
    "sdev07": "1.7",
    "avg08": "37.1",
    "sdev08": "1.2",
    "avg09": "35.4",
    "sdev09": "1.0",
    "avg10": "36.2",
    "sdev10": "1.1",
    "avg11": "39.1",
    "sdev11": "1.3",
    "avg12": "36.8",
    "sdev12": "2.0"
}, {
    "gubun1": "식물성식품 계",
    "gubun2": "종실류",
    "avg98": "2.9",
    "sdev98": "0.2",
    "avg01": "2.6",
    "sdev01": "0.2",
    "avg05": "4.2",
    "sdev05": "0.2",
    "avg07": "2.4",
    "sdev07": "0.2",
    "avg08": "2.7",
    "sdev08": "0.2",
    "avg09": "2.7",
    "sdev09": "0.2",
    "avg10": "4.3",
    "sdev10": "0.3",
    "avg11": "4.9",
    "sdev11": "0.7",
    "avg12": "4.6",
    "sdev12": "0.3"
}, {
    "gubun1": "식물성식품 계",
    "gubun2": "채소류",
    "avg98": "279.6",
    "sdev98": "4.1",
    "avg01": "290.6",
    "sdev01": "3.6",
    "avg05": "326.1",
    "sdev05": "3.7",
    "avg07": "279.9",
    "sdev07": "5.3",
    "avg08": "298.0",
    "sdev08": "4.3",
    "avg09": "291.4",
    "sdev09": "3.8",
    "avg10": "300.9",
    "sdev10": "4.2",
    "avg11": "295.3",
    "sdev11": "4.2",
    "avg12": "293.0",
    "sdev12": "5.4"
}, {
    "gubun1": "식물성식품 계",
    "gubun2": "버섯류",
    "avg98": "4.0",
    "sdev98": "0.3",
    "avg01": "4.7",
    "sdev01": "0.3",
    "avg05": "4.3",
    "sdev05": "0.2",
    "avg07": "3.5",
    "sdev07": "0.3",
    "avg08": "4.2",
    "sdev08": "0.2",
    "avg09": "4.2",
    "sdev09": "0.3",
    "avg10": "5.0",
    "sdev10": "0.3",
    "avg11": "5.0",
    "sdev11": "0.4",
    "avg12": "4.7",
    "sdev12": "0.4"
}, {
    "gubun1": "식물성식품 계",
    "gubun2": "과일류",
    "avg98": "197.8",
    "sdev98": "5.4",
    "avg01": "207.2",
    "sdev01": "6.2",
    "avg05": "87.5",
    "sdev05": "3.4",
    "avg07": "177.4",
    "sdev07": "8.9",
    "avg08": "165.7",
    "sdev08": "5.6",
    "avg09": "169.5",
    "sdev09": "5.4",
    "avg10": "193.1",
    "sdev10": "7.6",
    "avg11": "174.3",
    "sdev11": "6.1",
    "avg12": "174.3",
    "sdev12": "5.4"
}, {
    "gubun1": "식물성식품 계",
    "gubun2": "해조류",
    "avg98": "7.7",
    "sdev98": "0.5",
    "avg01": "9.0",
    "sdev01": "0.6",
    "avg05": "8.5",
    "sdev05": "0.4",
    "avg07": "6.3",
    "sdev07": "0.6",
    "avg08": "5.4",
    "sdev08": "0.3",
    "avg09": "4.8",
    "sdev09": "0.3",
    "avg10": "4.6",
    "sdev10": "0.3",
    "avg11": "3.8",
    "sdev11": "0.2",
    "avg12": "4.9",
    "sdev12": "0.5"
}, {
    "gubun1": "식물성식품 계",
    "gubun2": "음료류",
    "avg98": "45.5",
    "sdev98": "2.0",
    "avg01": "59.5",
    "sdev01": "2.3",
    "avg05": "61.4",
    "sdev05": "2.7",
    "avg07": "61.6",
    "sdev07": "3.7",
    "avg08": "67.9",
    "sdev08": "3.2",
    "avg09": "83.4",
    "sdev09": "3.4",
    "avg10": "113.2",
    "sdev10": "4.6",
    "avg11": "115.3",
    "sdev11": "5.4",
    "avg12": "126.9",
    "sdev12": "5.0"
}, {
    "gubun1": "식물성식품 계",
    "gubun2": "주류",
    "avg98": "46.5",
    "sdev98": "2.8",
    "avg01": "51.5",
    "sdev01": "3.3",
    "avg05": "80.4",
    "sdev05": "5.7",
    "avg07": "97.4",
    "sdev07": "7.2",
    "avg08": "97.8",
    "sdev08": "5.6",
    "avg09": "104.7",
    "sdev09": "5.6",
    "avg10": "140.0",
    "sdev10": "7.9",
    "avg11": "122.9",
    "sdev11": "8.0",
    "avg12": "109.7",
    "sdev12": "6.1"
}, {
    "gubun1": "식물성식품 계",
    "gubun2": "조미료류",
    "avg98": "25.4",
    "sdev98": "0.5",
    "avg01": "31.1",
    "sdev01": "0.6",
    "avg05": "37.4",
    "sdev05": "0.6",
    "avg07": "32.5",
    "sdev07": "0.9",
    "avg08": "35.4",
    "sdev08": "0.7",
    "avg09": "36.4",
    "sdev09": "0.8",
    "avg10": "34.3",
    "sdev10": "0.6",
    "avg11": "34.2",
    "sdev11": "0.7",
    "avg12": "34.4",
    "sdev12": "0.8"
}, {
    "gubun1": "식물성식품 계",
    "gubun2": "유지류(식물성)",
    "avg98": "5.5",
    "sdev98": "0.1",
    "avg01": "9.7",
    "sdev01": "0.2",
    "avg05": "7.5",
    "sdev05": "0.2",
    "avg07": "7.2",
    "sdev07": "0.2",
    "avg08": "7.7",
    "sdev08": "0.2",
    "avg09": "7.4",
    "sdev09": "0.2",
    "avg10": "8.3",
    "sdev10": "0.2",
    "avg11": "8.4",
    "sdev11": "0.2",
    "avg12": "7.8",
    "sdev12": "0.2"
}, {
    "gubun1": "식물성식품 계",
    "gubun2": "기타(식물성)",
    "avg98": "3.1",
    "sdev98": "0.4",
    "avg01": "5.1",
    "sdev01": "0.5",
    "avg05": "0.0",
    "sdev05": "0.0",
    "avg07": "0.5",
    "sdev07": "0.1",
    "avg08": "0.3",
    "sdev08": "0.0",
    "avg09": "0.5",
    "sdev09": "0.1",
    "avg10": "2.4",
    "sdev10": "0.4",
    "avg11": "3.0",
    "sdev11": "0.4",
    "avg12": "2.8",
    "sdev12": "0.5"
}, {
    "gubun1": "동물성식품 계",
    "gubun2": "소계",
    "avg98": "244.6",
    "sdev98": "4.7",
    "avg01": "261.0",
    "sdev01": "4.3",
    "avg05": "275.7",
    "sdev05": "3.9",
    "avg07": "254.0",
    "sdev07": "6.1",
    "avg08": "257.9",
    "sdev08": "4.7",
    "avg09": "263.0",
    "sdev09": "4.2",
    "avg10": "304.4",
    "sdev10": "4.4",
    "avg11": "296.0",
    "sdev11": "5.3",
    "avg12": "292.4",
    "sdev12": "5.9"
}, {
    "gubun1": "동물성식품 계",
    "gubun2": "육류",
    "avg98": "67.8",
    "sdev98": "1.7",
    "avg01": "91.4",
    "sdev01": "2.5",
    "avg05": "89.8",
    "sdev05": "2.3",
    "avg07": "88.6",
    "sdev07": "4.1",
    "avg08": "83.7",
    "sdev08": "2.3",
    "avg09": "86.1",
    "sdev09": "2.3",
    "avg10": "105.0",
    "sdev10": "2.5",
    "avg11": "105.4",
    "sdev11": "3.2",
    "avg12": "110.1",
    "sdev12": "3.8"
}, {
    "gubun1": "동물성식품 계",
    "gubun2": "난류",
    "avg98": "22.4",
    "sdev98": "0.7",
    "avg01": "21.1",
    "sdev01": "0.6",
    "avg05": "25.8",
    "sdev05": "0.7",
    "avg07": "21.9",
    "sdev07": "0.9",
    "avg08": "23.2",
    "sdev08": "0.6",
    "avg09": "24.9",
    "sdev09": "0.6",
    "avg10": "26.4",
    "sdev10": "0.8",
    "avg11": "25.9",
    "sdev11": "0.8",
    "avg12": "24.8",
    "sdev12": "0.8"
}, {
    "gubun1": "동물성식품 계",
    "gubun2": "어패류",
    "avg98": "65.4",
    "sdev98": "2.0",
    "avg01": "63.6",
    "sdev01": "1.5",
    "avg05": "67.7",
    "sdev05": "1.5",
    "avg07": "52.7",
    "sdev07": "1.9",
    "avg08": "52.7",
    "sdev08": "1.5",
    "avg09": "50.4",
    "sdev09": "1.2",
    "avg10": "56.3",
    "sdev10": "1.8",
    "avg11": "55.5",
    "sdev11": "1.8",
    "avg12": "49.2",
    "sdev12": "1.7"
}, {
    "gubun1": "동물성식품 계",
    "gubun2": "우유류",
    "avg98": "86.9",
    "sdev98": "3.1",
    "avg01": "84.6",
    "sdev01": "2.5",
    "avg05": "90.5",
    "sdev05": "2.4",
    "avg07": "90.6",
    "sdev07": "3.7",
    "avg08": "98.1",
    "sdev08": "3.4",
    "avg09": "101.2",
    "sdev09": "2.7",
    "avg10": "116.4",
    "sdev10": "3.3",
    "avg11": "108.8",
    "sdev11": "3.1",
    "avg12": "107.9",
    "sdev12": "3.7"
}, {
    "gubun1": "동물성식품 계",
    "gubun2": "유지류(동물성)",
    "avg98": "2.0",
    "sdev98": "0.1",
    "avg01": "0.1",
    "sdev01": "0.0",
    "avg05": "1.6",
    "sdev05": "0.1",
    "avg07": "0.2",
    "sdev07": "0.0",
    "avg08": "0.2",
    "sdev08": "0.0",
    "avg09": "0.2",
    "sdev09": "0.0",
    "avg10": "0.2",
    "sdev10": "0.0",
    "avg11": "0.2",
    "sdev11": "0.0",
    "avg12": "0.2",
    "sdev12": "0.0"
}, {
    "gubun1": "동물성식품 계",
    "gubun2": "기타(동물성)",
    "avg98": "0.1",
    "sdev98": "0.0",
    "avg01": "0.2",
    "sdev01": "0.1",
    "avg05": "0.3",
    "sdev05": "0.1",
    "avg07": "0.0",
    "sdev07": "0.0",
    "avg08": "0.0",
    "sdev08": "0.0",
    "avg09": "0.0",
    "sdev09": "0.0",
    "avg10": "0.1",
    "sdev10": "0.0",
    "avg11": "0.2",
    "sdev11": "0.1",
    "avg12": "0.1",
    "sdev12": "0.1"
}]