[{
    "year": "2012",
    "qtr": "TOTAL",
    "p1": 846568,
    "p2": 748824,
    "p3": 717834,
    "p4": 676387,
    "p5": 780781,
    "p6": 857351,
    "p7": 4627745,
    "children": [{
        "year": "1/4",
        "qtr": "1/4 SUM",
        "p1": 140034,
        "p2": 167482,
        "p3": 217086,
        "p4": 178502,
        "p5": 174033,
        "p6": 245098,
        "p7": 1122235,
        "p8": 100,
        "children": [{
            "qtr": "1/4",
            "month": 1,
            "p1": 109520,
            "p2": 40454,
            "p3": 82477,
            "p4": 47424,
            "p5": 103225,
            "p6": 61161,
            "p7": 444260,
            "p8": 40
        }, {
            "qtr": "1/4",
            "month": 2,
            "p1": 15749,
            "p2": 29714,
            "p3": 31393,
            "p4": 45006,
            "p5": 17945,
            "p6": 90148,
            "p7": 229956,
            "p8": 20
        }, {
            "qtr": "1/4",
            "month": 3,
            "p1": 14766,
            "p2": 97314,
            "p3": 103216,
            "p4": 86072,
            "p5": 52863,
            "p6": 93789,
            "p7": 448020,
            "p8": 40
        }]
    }, {
        "year": "2/4",
        "qtr": "2/4 SUM",
        "p1": 172411,
        "p2": 162547,
        "p3": 110240,
        "p4": 174627,
        "p5": 242180,
        "p6": 224855,
        "p7": 1086861,
        "p8": 100,
        "children": [{
            "qtr": "2/4",
            "month": 4,
            "p1": 52352,
            "p2": 56859,
            "p3": 15688,
            "p4": 65438,
            "p5": 39181,
            "p6": 109514,
            "p7": 339031,
            "p8": 31
        }, {
            "qtr": "2/4",
            "month": 5,
            "p1": 100842,
            "p2": 30391,
            "p3": 23745,
            "p4": 72742,
            "p5": 102195,
            "p6": 30407,
            "p7": 360322,
            "p8": 33
        }, {
            "qtr": "2/4",
            "month": 6,
            "p1": 19217,
            "p2": 75298,
            "p3": 70807,
            "p4": 36447,
            "p5": 100805,
            "p6": 84934,
            "p7": 387508,
            "p8": 36
        }]
    }, {
        "year": "3/4",
        "qtr": "3/4 SUM",
        "p1": 262060,
        "p2": 225778,
        "p3": 220871,
        "p4": 205598,
        "p5": 135118,
        "p6": 233539,
        "p7": 1282965,
        "p8": 100,
        "children": [{
            "qtr": "3/4",
            "month": 7,
            "p1": 74324,
            "p2": 64947,
            "p3": 101350,
            "p4": 34673,
            "p5": 24486,
            "p6": 57781,
            "p7": 357561,
            "p8": 28
        }, {
            "qtr": "3/4",
            "month": 8,
            "p1": 85932,
            "p2": 95733,
            "p3": 40327,
            "p4": 69255,
            "p5": 80024,
            "p6": 102739,
            "p7": 474011,
            "p8": 37
        }, {
            "qtr": "3/4",
            "month": 9,
            "p1": 101804,
            "p2": 65098,
            "p3": 79194,
            "p4": 101669,
            "p5": 30608,
            "p6": 73020,
            "p7": 451393,
            "p8": 35
        }]
    }, {
        "year": "4/4",
        "qtr": "4/4 SUM",
        "p1": 272063,
        "p2": 193016,
        "p3": 169637,
        "p4": 117660,
        "p5": 229449,
        "p6": 153858,
        "p7": 1135684,
        "p8": 100,
        "children": [{
            "qtr": "4/4",
            "month": 10,
            "p1": 92130,
            "p2": 91881,
            "p3": 45166,
            "p4": 65524,
            "p5": 45348,
            "p6": 72708,
            "p7": 412757,
            "p8": 36
        }, {
            "qtr": "4/4",
            "month": 11,
            "p1": 80925,
            "p2": 70537,
            "p3": 25347,
            "p4": 29360,
            "p5": 76296,
            "p6": 42766,
            "p7": 325230,
            "p8": 29
        }, {
            "qtr": "4/4",
            "month": 12,
            "p1": 99008,
            "p2": 30598,
            "p3": 99124,
            "p4": 22776,
            "p5": 107805,
            "p6": 38384,
            "p7": 397696,
            "p8": 35
        }]
    }]
}, {
    "year": "2013",
    "qtr": "TOTAL",
    "p1": 834268,
    "p2": 631493,
    "p3": 794249,
    "p4": 663977,
    "p5": 835352,
    "p6": 804618,
    "p7": 4359992,
    "children": [{
        "year": "1/4",
        "qtr": "1/4 SUM",
        "p1": 140034,
        "p2": 167482,
        "p3": 217086,
        "p4": 178502,
        "p5": 174033,
        "p6": 245098,
        "p7": 1122235,
        "p8": 100,
        "children": [{
            "qtr": "1/4",
            "month": 1,
            "p1": 109520,
            "p2": 40454,
            "p3": 82477,
            "p4": 47424,
            "p5": 103225,
            "p6": 61161,
            "p7": 444260,
            "p8": 40
        }, {
            "qtr": "1/4",
            "month": 2,
            "p1": 15749,
            "p2": 29714,
            "p3": 31393,
            "p4": 45006,
            "p5": 17945,
            "p6": 90148,
            "p7": 229956,
            "p8": 20
        }, {
            "qtr": "1/4",
            "month": 3,
            "p1": 14766,
            "p2": 97314,
            "p3": 103216,
            "p4": 86072,
            "p5": 52863,
            "p6": 93789,
            "p7": 448020,
            "p8": 40
        }]
    }, {
        "year": "2/4",
        "qtr": "2/4 SUM",
        "p1": 172411,
        "p2": 162547,
        "p3": 110240,
        "p4": 174627,
        "p5": 242180,
        "p6": 224855,
        "p7": 1086861,
        "p8": 100,
        "children": [{
            "qtr": "2/4",
            "month": 4,
            "p1": 52352,
            "p2": 56859,
            "p3": 15688,
            "p4": 65438,
            "p5": 39181,
            "p6": 109514,
            "p7": 339031,
            "p8": 31
        }, {
            "qtr": "2/4",
            "month": 5,
            "p1": 100842,
            "p2": 30391,
            "p3": 23745,
            "p4": 72742,
            "p5": 102195,
            "p6": 30407,
            "p7": 360322,
            "p8": 33
        }, {
            "qtr": "2/4",
            "month": 6,
            "p1": 19217,
            "p2": 75298,
            "p3": 70807,
            "p4": 36447,
            "p5": 100805,
            "p6": 84934,
            "p7": 387508,
            "p8": 36
        }]
    }, {
        "year": "3/4",
        "qtr": "3/4 SUM",
        "p1": 262060,
        "p2": 225778,
        "p3": 220871,
        "p4": 205598,
        "p5": 135118,
        "p6": 233539,
        "p7": 1282965,
        "p8": 100,
        "children": [{
            "qtr": "3/4",
            "month": 7,
            "p1": 74324,
            "p2": 64947,
            "p3": 101350,
            "p4": 34673,
            "p5": 24486,
            "p6": 57781,
            "p7": 357561,
            "p8": 28
        }, {
            "qtr": "3/4",
            "month": 8,
            "p1": 85932,
            "p2": 95733,
            "p3": 40327,
            "p4": 69255,
            "p5": 80024,
            "p6": 102739,
            "p7": 474011,
            "p8": 37
        }, {
            "qtr": "3/4",
            "month": 9,
            "p1": 101804,
            "p2": 65098,
            "p3": 79194,
            "p4": 101669,
            "p5": 30608,
            "p6": 73020,
            "p7": 451393,
            "p8": 35
        }]
    }, {
        "year": "4/4",
        "qtr": "4/4 SUM",
        "p1": 272063,
        "p2": 193016,
        "p3": 169637,
        "p4": 117660,
        "p5": 229449,
        "p6": 153858,
        "p7": 1135684,
        "p8": 100,
        "children": [{
            "qtr": "4/4",
            "month": 10,
            "p1": 92130,
            "p2": 91881,
            "p3": 45166,
            "p4": 65524,
            "p5": 45348,
            "p6": 72708,
            "p7": 412757,
            "p8": 36
        }, {
            "qtr": "4/4",
            "month": 11,
            "p1": 80925,
            "p2": 70537,
            "p3": 25347,
            "p4": 29360,
            "p5": 76296,
            "p6": 42766,
            "p7": 325230,
            "p8": 29
        }, {
            "qtr": "4/4",
            "month": 12,
            "p1": 99008,
            "p2": 30598,
            "p3": 99124,
            "p4": 22776,
            "p5": 107805,
            "p6": 38384,
            "p7": 397696,
            "p8": 35
        }]
    }]
}]