[{"rowId": "r1", "id": "1", "name": "Phase 1 - Strategic Plan"},
{"rowId": "r2", "id": "2", "name": "Self-Assessment", "parent":"1"},
{"rowId": "r3", "id": "3", "name": "Define business vision", "parent":"2"},
{"rowId": "r4", "id": "4", "name": "Identify available skills, information and support", "parent":"2"},
{"rowId": "r5", "id": "5", "name": "Decide whether to proceed", "parent":"2"},
{"rowId": "r6", "id": "6", "name": "Define the Opportunity", "parent":"1"},
{"rowId": "r7", "id": "7", "name": "Research the market and competition", "parent":"6"},
{"rowId": "r8", "id": "8", "name": "Interview owners of similar businesses", "parent":"6"},
{"rowId": "r9", "id": "9", "name": "Identify needed resources", "parent":"6"},
{"rowId": "r10", "id": "10", "name": "Identify operating cost elements", "parent":"6"},
{"rowId": "r11", "id": "11", "name": "Evaluate Business Approach", "parent":"1"},
{"rowId": "r12", "id": "12", "name": "Define new entity requirements", "parent":"11"},
{"rowId": "r13", "id": "13", "name": "Identify on-going business purchase opportunities", "parent":"11"},
{"rowId": "r14", "id": "14", "name": "Research franchise possibilities", "parent":"11"},
{"rowId": "r15", "id": "15", "name": "Summarize business approach", "parent":"11"},
{"rowId": "r16", "id": "16", "name": "Evaluate Potential Risks and Rewards", "parent":"1"},
{"rowId": "r17", "id": "17", "name": "Assess market size and stability", "parent":"16"},
{"rowId": "r18", "id": "18", "name": "Estimate the competition", "parent":"16"},
{"rowId": "r19", "id": "19", "name": "Assess needed resource availability", "parent":"16"},
{"rowId": "r20", "id": "20", "name": "Evaluate realistic initial market share", "parent":"16"},
{"rowId": "r21", "id": "21", "name": "Determine financial requirements", "parent":"16"},
{"rowId": "r22", "id": "22", "name": "Review personal suitability", "parent":"16"},
{"rowId": "r23", "id": "23", "name": "Evaluate initial profitability", "parent":"16"},
{"rowId": "r24", "id": "24", "name": "Review and modify the strategic plan", "parent":"1"},
{"rowId": "r25", "id": "25", "name": "Confirm decision to proceed", "parent":"1"},
{"rowId": "r26", "id": "26", "name": "Phase 2 - Define the Business Opportunity"},
{"rowId": "r27", "id": "27", "name": "Define the Market", "parent":"26"},
{"rowId": "r28", "id": "28", "name": "Access available information", "parent":"27"},
{"rowId": "r29", "id": "29", "name": "Create market analysis plan", "parent":"27"},
{"rowId": "r30", "id": "30", "name": "Implement market analysis plan", "parent":"27"},
{"rowId": "r31", "id": "31", "name": "Identify competition", "parent":"27"},
{"rowId": "r32", "id": "32", "name": "Summarize the market", "parent":"27"},
{"rowId": "r33", "id": "33", "name": "Identify target market niche", "parent":"27"},
{"rowId": "r34", "id": "34", "name": "Identify Needed Materials and Supplies", "parent":"26"},
{"rowId": "r35", "id": "35", "name": "Select a business approach (from 'Evaluate Business Approach' above)", "parent":"34"},
{"rowId": "r36", "id": "36", "name": "Identify management staff resources", "parent":"34"},
{"rowId": "r37", "id": "37", "name": "Identify staffing requirements", "parent":"34"},
{"rowId": "r38", "id": "38", "name": "Identify needed raw materials", "parent":"34"},
{"rowId": "r39", "id": "39", "name": "Identify needed utilities", "parent":"34"},
{"rowId": "r40", "id": "40", "name": "Summarize operating expenses and financial projections", "parent":"34"},
{"rowId": "r41", "id": "41", "name": "Evaluate Potential Risks and Rewards", "parent":"26"},
{"rowId": "r42", "id": "42", "name": "Assess market size and stability", "parent":"41"},
{"rowId": "r43", "id": "43", "name": "Assess needed resources availability", "parent":"41"},
{"rowId": "r44", "id": "44", "name": "Forecast financial returns", "parent":"41"},
{"rowId": "r45", "id": "45", "name": "Review and modify the business opportunity", "parent":"26"},
{"rowId": "r46", "id": "46", "name": "Confirm decision to proceed", "parent":"26"}]