[{
    "name": "삼성전자",
    "close": "1,150,000",
    "gap": "110,00",
    "vars": "-0.95",
    "total": "1,693,942",
    "size": "147,299",
    "volume": "311,970"
}, {
    "name": "현대차",
    "close": "192,000",
    "gap": "500",
    "vars": "0.26",
    "total": "422,931",
    "size": "220,276",
    "volume": "679,117"
}, {
    "name": "SK하이닉스",
    "close": "44,200",
    "gap": "1,700",
    "vars": "4.00",
    "total": "319,861",
    "size": "723,667",
    "volume": "3,916,178"
}, {
    "name": "한국전력",
    "close": "47,050",
    "gap": "2,050",
    "vars": "4.56",
    "total": "302,044",
    "size": "641,964",
    "volume": "2,156,828"
}, {
    "name": "POSCO",
    "close": "338,500",
    "gap": "4,500",
    "vars": "1.35",
    "total": "295,127",
    "size": "87,187",
    "volume": "327,299"
}, {
    "name": "NAVER",
    "close": "833,000",
    "gap": "1,000",
    "vars": "-0.12",
    "total": "274,579",
    "size": "32,963",
    "volume": "188,987"
}, {
    "name": "신한지주",
    "close": "51,500",
    "gap": "600",
    "vars": "-1.15",
    "total": "244,213",
    "size": "474,200",
    "volume": "541,575"
}, {
    "name": "현대모비스",
    "close": "249,500",
    "gap": "2,000",
    "vars": "0.81",
    "total": "242,873",
    "size": "97,344",
    "volume": "195,509"
}, {
    "name": "SK텔레콤",
    "close": "297,500",
    "gap": "1,000",
    "vars": "-0.34",
    "total": "240,218",
    "size": "80,746",
    "volume": "216,956"
}, {
    "name": "삼성생명",
    "close": "108,500",
    "gap": "2,500",
    "vars": "2.36",
    "total": "217,000",
    "size": "200,000",
    "volume": "185,067"
}, {
    "name": "기아차",
    "close": "53,100",
    "gap": "200",
    "vars": "-0.38",
    "total": "215,248",
    "size": "405,363",
    "volume": "1,662,960"
}, {
    "name": "삼성전자우",
    "close": "875,000",
    "gap": "20,000",
    "vars": "-2.23",
    "total": "199,792",
    "size": "22,833",
    "volume": "46,945"
}, {
    "name": "LG",
    "close": "75,800",
    "gap": "0",
    "vars": "0.00",
    "total": "319,961",
    "size": "130,798",
    "volume": "172,557"
}, {
    "name": "LG디스플레이",
    "close": "35,600",
    "gap": "2,100",
    "vars": "6.27",
    "total": "357,816",
    "size": "127,382",
    "volume": "1,718,719"
}, {
    "name": "SK C&C",
    "close": "238,500",
    "gap": "6,000",
    "vars": "2.58",
    "total": "119,250",
    "size": "50,000",
    "volume": "154,180"
}, {
    "name": "KT",
    "close": "35,700",
    "gap": "1,100",
    "vars": "-2.99",
    "total": "2,120,998",
    "size": "93,217",
    "volume": "261,112"
}, {
    "name": "우리금융",
    "close": "13,650",
    "gap": "100",
    "vars": "0.74",
    "total": "1,017,427",
    "size": "92,312",
    "volume": "676,278"
}, {
    "name": "삼성SDI",
    "close": "134,000",
    "gap": "13,000",
    "vars": "-8.84",
    "total": "92,144",
    "size": "68,765",
    "volume": "1,476,428"
}]