[{
    "no": 1,
    "id": "S1",
    "name": "강재석",
    "d1": "T",
    "d2": "P",
    "d3": "P",
    "d4": "E",
    "d5": "P",
    "d6": "N",
    "d7": "N",
    "d8": "E",
    "d9": "P",
    "d10": "P",
    "d11": "P",
    "d12": "P",
    "d13": "N",
    "d14": "N",
    "d15": "P"
}, {
    "no": 2,
    "id": "S2",
    "name": "김동식",
    "d1": "P",
    "d2": "P",
    "d3": "P",
    "d4": "P",
    "d5": "P",
    "d6": "N",
    "d7": "N",
    "d8": "E",
    "d9": "P",
    "d10": "P",
    "d11": "P",
    "d12": "P",
    "d13": "N",
    "d14": "N",
    "d15": "P"
}, {
    "no": 3,
    "id": "S3",
    "name": "박보람",
    "d1": "U",
    "d2": "P",
    "d3": "P",
    "d4": "P",
    "d5": "P",
    "d6": "N",
    "d7": "N",
    "d8": "P",
    "d9": "P",
    "d10": "P",
    "d11": "P",
    "d12": "P",
    "d13": "N",
    "d14": "N",
    "d15": "U"
}, {
    "no": 4,
    "id": "S4",
    "name": "신은정",
    "d1": "P",
    "d2": "U",
    "d3": "P",
    "d4": "P",
    "d5": "U",
    "d6": "N",
    "d7": "N",
    "d8": "P",
    "d9": "P",
    "d10": "P",
    "d11": "P",
    "d12": "P",
    "d13": "N",
    "d14": "N",
    "d15": "P"
}, {
    "no": 5,
    "id": "S5",
    "name": "안영이",
    "d1": "P",
    "d2": "T",
    "d3": "U",
    "d4": "P",
    "d5": "U",
    "d6": "N",
    "d7": "N",
    "d8": "P",
    "d9": "P",
    "d10": "P",
    "d11": "P",
    "d12": "T",
    "d13": "N",
    "d14": "N",
    "d15": "P"
}, {
    "no": 6,
    "id": "S6",
    "name": "오상진",
    "d1": "E",
    "d2": "P",
    "d3": "P",
    "d4": "E",
    "d5": "E",
    "d6": "N",
    "d7": "N",
    "d8": "P",
    "d9": "P",
    "d10": "P",
    "d11": "P",
    "d12": "P",
    "d13": "N",
    "d14": "N",
    "d15": "P",
    "d16": "P"
}, {
    "no": 7,
    "id": "S7",
    "name": "장그래",
    "d1": "E",
    "d2": "P",
    "d3": "U",
    "d4": "P",
    "d5": "P",
    "d6": "N",
    "d7": "N",
    "d8": "P",
    "d9": "P",
    "d10": "P",
    "d11": "P",
    "d12": "P",
    "d13": "N",
    "d14": "N",
    "d15": "P"
}, {
    "no": 8,
    "id": "S8",
    "name": "장백기",
    "d1": "U",
    "d2": "P",
    "d3": "P",
    "d4": "E",
    "d5": "P",
    "d6": "N",
    "d7": "N",
    "d8": "U",
    "d9": "P",
    "d10": "E",
    "d11": "P",
    "d12": "P",
    "d13": "N",
    "d14": "N",
    "d15": "P"
}, {
    "no": 9,
    "id": "S9",
    "name": "정아름",
    "d1": "E",
    "d2": "P",
    "d3": "P",
    "d4": "E",
    "d5": "P",
    "d6": "N",
    "d7": "N",
    "d8": "P",
    "d9": "P",
    "d10": "P",
    "d11": "P",
    "d12": "P",
    "d13": "N",
    "d14": "N",
    "d15": "U"
}, {
    "no": 10,
    "id": "S10",
    "name": "최민식",
    "d1": "U",
    "d2": "P",
    "d3": "U",
    "d4": "P",
    "d5": "P",
    "d6": "N",
    "d7": "N",
    "d8": "E",
    "d9": "P",
    "d10": "T",
    "d11": "P",
    "d12": "P",
    "d13": "N",
    "d14": "N",
    "d15": "P"
}, {
    "no": 11,
    "id": "S11",
    "name": "태인호",
    "d1": "P",
    "d2": "P",
    "d3": "P",
    "d4": "P",
    "d5": "P",
    "d6": "N",
    "d7": "N",
    "d8": "U",
    "d9": "P",
    "d10": "T",
    "d11": "P",
    "d12": "E",
    "d13": "N",
    "d14": "N",
    "d15": "P"
}, {
    "no": 12,
    "id": "S12",
    "name": "한고은",
    "d1": "U",
    "d2": "P",
    "d3": "P",
    "d4": "P",
    "d5": "P",
    "d6": "N",
    "d7": "N",
    "d8": "P",
    "d9": "U",
    "d10": "P",
    "d11": "E",
    "d12": "U",
    "d13": "N",
    "d14": "N",
    "d15": "P"
}]