<Grid>
   <Cfg id="Items" MainCol="N" ConstWidth="0"/>
   <Cols>
      <C Name="id" CanEdit="0"/>
      <C Name="N" Width="105"/>
   </Cols>
   <Actions OnDragRow="DragSelected OR DragRow" OnRightDragRow="DragSelectedCopy OR DragCopy" OnCtrlRightDragRow="DragSelectedCopyChildren OR DragCopyChildren"/>
   <Header id="id" N="Name"/>
   <Root CDef="ITEM" AcceptDef="ITEM"/>
   <Def>
      <D Name="ITEM" CDef="SUBITEM" AcceptDef="ITEM,SUBITEM"/>
      <D Name="SUBITEM" CDef="SUBITEM" AcceptDef="SUBITEM"/>
   </Def>
   <Body>
      <B>
         <I id="I7" N="Item 7"/>
         <I id="I8" N="Item 8"/>
         <I id="I9" N="Item 9"/>
         <I id="I10" N="Item 10"/>
         <I id="I11" N="Item 11"/>
         <I id="I12" N="Item 12"/>
         <I id="I13" N="Item 13"/>
         <I id="I14" N="Item 14"/>
         <I id="I15" N="Item 15"/>
      </B>
   </Body>
</Grid>