<Grid>
   <Cfg id="Nodes" MainCol="N" ConstWidth="0"/>
   <Cols>
      <C Name="id" CanEdit="0"/>
      <C Name="N" Width="155"/>
   </Cols>
   <Actions OnDragRow="DragSelected OR DragRow" OnRightDragRow="DragSelectedCopy OR DragCopy" OnCtrlRightDragRow="DragSelectedCopyChildren OR DragCopyChildren"/>
   <Header id="id" N="Name"/>
   <Root CDef="NODE" AcceptDef="NODE"/>
   <Def>
      <D Name="NODE" CDef="ITEM" AcceptDef="ITEM"/>
      <D Name="ITEM" CDef="SUBITEM" AcceptDef="ITEM,SUBITEM"/>
      <D Name="SUBITEM" CDef="SUBITEM" AcceptDef="SUBITEM"/>
   </Def>
   <Body>
      <B>
         <I id="N6" N="Node 6"/>
         <I id="N7" N="Node 7"/>
         <I id="N8" N="Node 8"/>
         <I id="N10" N="Node 9"/>
         <I id="N11" N="Node 10"/>
         <I id="N12" N="Node 11"/>
         <I id="N13" N="Node 12"/>
         <I id="N14" N="Node 13"/>
         <I id="N15" N="Node 14"/>
      </B>
   </Body>
</Grid>