<Grid>
   <Cfg id="Subitems" ConstWidth="0" Dropping="0" Adding="0" Deleting="0"/>
   <Cfg DragCopy="1"/>
   <Cols>
      <C Name="id" CanEdit="0"/>
      <C Name="N" Width="70"/>
   </Cols>
   <Header id="id" N="Name"/>
   <Root CDef="SUBITEM" AcceptDef="SUBITEM"/>
   <Def>
      <D Name="SUBITEM" CDef="SUBITEM" AcceptDef="SUBITEM"/>
   </Def>
   <Body>
      <B>
         <I id="S1" N="Subitem N1"/>
         <I id="S2" N="Subitem N2"/>
         <I id="S3" N="Subitem N3"/>
         <I id="S4" N="Subitem N4"/>
         <I id="S5" N="Subitem N5"/>
         <I id="S6" N="Subitem N6"/>
         <I id="S7" N="Subitem N7"/>
         <I id="S8" N="Subitem N8"/>
         <I id="S9" N="Subitem N9"/>
      </B>
   </Body>
</Grid>