<Grid>
   <Cfg id="DragTag" NoHScroll="1" IdChars="0123456789" NumberId="1" SuppressCfg="1"/>
   <Cfg MainCol="NAME"/>
   <Cols>
      <C Name="NAME" Width="100" OnDragCell="Focus,DragCell"/>
      <C Name="VALUE" Width="100" OnDragCell="Focus,DragCell"/>
      <C Name="RUN" Visible="0"/>
      <C Name="RUNSTART" Visible="0"/>
      <C Name="GANTT" Type="Gantt" GanttRun="RUN" GanttRunStart="RUNSTART"
         GanttDataUnits="1" GanttUnits="1" GanttHeader1="1#0" GanttWidth="18"
         GanttRunMove="Move" GanttChartMaxStart="0" GanttChartMinEnd="15"
         GanttRunAdjust="Shrink"
         />
   </Cols>
   <Body>
      <B>
         <I NAME="Name1" VALUE="Value1" RUNSTART="0" RUN="4,box,Box 1;2,;5,box,Box 2"/>
         <I NAME="Name2" VALUE="Value2" RUNSTART="3" RUN="2,box,Box 3"/>
         <I NAME="Name3" VALUE="Value3"/>
         <I/>
      </B>
   </Body>
</Grid>