<Grid>
   <Body>
      <B>
         <I A="One" B="Blue" C="Yes" X="1" Y="3"/>
         <I A="One" B="Blue" C="No" X="2" Y="4"/>
         <I A="One" B="Green" C="Yes" X="3" Y="2"/>
         <I A="One" B="Green" C="No" X="4" Y="5"/>
         <I A="Two" B="Green" C="Yes" X="5" Y="7"/>
         <I A="Two" B="Red" C="No" X="6" Y="4"/>
         <I A="Two" B="Red" C="Yes" X="7" Y="3"/>
         <I A="Two" B="Red" C="No" X="8" Y="8"/>
         <I A="Three" B="Red" C="Yes" X="9" Y="6"/>
         <I A="Three" B="Green" C="No" X="0" Y="0"/>
         <I A="Three" B="Green" C="Yes" X="1" Y="8"/>
         <I A="Three" B="Green" C="No" X="2" Y="7"/>
         <I A="Four" B="Green" C="Yes" X="3" Y="8"/>
         <I A="Four" B="Green" C="No" X="4" Y="4"/>
         <I A="Four" B="Blue" C="Yes" X="5" Y="1"/>
         <I A="Four" B="Blue" C="No" X="6" Y="5"/>
         <I A="Five" B="Blue" C="Yes" X="7" Y="6"/>
         <I A="Five" B="Blue" C="No" X="8" Y="7"/>
         <I A="Five" B="Red" C="Yes" X="9" Y="8"/>
         <I A="Five" B="Red" C="No" X="0" Y="4"/>
      </B>
   </Body>
</Grid>
<!--Name1	Name2	Name3	Number1	Number2
One	Blue	Yes	1	3
One	Blue	No	2	4
One	Green	Yes	3	2
One	Green	No	4	5
Two	Green	Yes	5	7
Two	Red	No	6	4
Two	Red	Yes	7	3
Two	Red	No	8	8
Three	Red	Yes	9	6
Three	Green	No	0	0
Three	Green	Yes	1	8
Three	Green	No	2	7
Four	Green	Yes	3	8
Four	Green	No	4	4
Four	Blue	Yes	5	1
Four	Blue	No	6	5
Five	Blue	Yes	7	6
Five	Blue	No	8	7
Five	Red	Yes	9	8
Five	Red	No	0	4-->
