<Grid>
   <Cfg id="RunSources" SuppressCfg="1" SuppressMessage="1"/>
   <Panel Visible="0"/>
   <Toolbar Visible="0"/>
   <Def>
      <D Name="R" CanFocus="0"/>
   </Def>
   <Cols>
      <!-- Sources column -->
      <C Name="S" Type="Gantt"
         GanttLeft="1" GanttRight="1"
         GanttRunStart="1/1/2000" GanttWidth="20"
         GanttUnits="d" GanttDataUnits="d" GanttEdit="All"
         GanttRunMove="copy,all" GanttRunResize=""
         />
   </Cols>
   <Header S="Drag boxes&lt;br> to the grid" SAlign="center"/>
   <Body>
      <B>
         <I/>
         <I SGanttRun="4,Box,Box"/>
         <I SGanttRun="4,Box,Box 1,Fuchsia"/>
         <I SGanttRun="4,Box,Box 2,Aqua"/>
         <I SGanttRun="4,Box,Box 3,Lime"/>
         <I SGanttRun="4,Box,Box 4,Orange"/>
         <I SGanttRun="4,Solid,Solid box"/>
         <I SGanttRun="4,Solid,Solid box 1,Gray"/>
         <I SGanttRun="4,Solid,Solid box 2,Black"/>
         <I SGanttRun="4,Left,Fixed left box"/>
         <I SGanttRun="4,Right,Fixed right box"/>
         <I SGanttRun="4,Fixed,Fixed box"/>
         <I/>
      </B>
   </Body>
</Grid>