<Grid>
   <Cfg id="Inputs" NoVScroll="1" NoHScroll="1" NoFormatEscape="1" IdChars="0123456789" NumberId="1" SuppressCfg="1"/>
   <Cols>
      <C Name="id"       Type="Int" CanEdit="0" CanSort="0"/>
      <C Name="TEXT"     Type="Text"/>
      <C Name="INT"      Type="Int"/>
      <C Name="FLOAT"    Type="Float"/>
      <C Name="DATETIME" Type="Date" Format="M/d/yyyy H:mm:ss" EditFormat="M/d/yyyy H:mm:ss" EmptyValue="empty"/>
      <C Name="DATE"     Type="Date" Format="M/d/yyyy" EmptyValue="empty date"/>
      <C Name="TIME"     Type="Date" Format="HH:mm:ss" EditFormat="HH:mm:ss" Button="" CanEmpty="0"/>
      <C Name="PASS"     Type="Pass"/>
   </Cols>
   <Body>
      <B>
         <I id="0"/>
         <I id="1"
            TEXT="plain text"
            INT="-56789"
            FLOAT="-3456.789"
            DATETIME="12/31/2000"
            DATE="12/31/2000"
            TIME="12/31/2000"
            />
         <I id="2"
            TEXT="&lt;b>no html&lt;/b>"
            INT="-56789"                   INTFormat=",0"
            FLOAT="-3456.789"              FLOATFormat=",0.00"
            DATETIME="12/31/2000 14:56:30"
            DATE="12/31/2000 14:56:30"
            TIME="12/31/2000 14:56:30"
            />
         <I id="3"
            TEXT="plain text"   TEXTFormat="||+++ | +++"
            INT="-56789"        INTFormat=",0000000"
            FLOAT="-3456.789"   FLOATFormat="0.00000"
            DATETIME="14:56:30"
            DATE="14:56:30"
            TIME="14:56:30"
            />
         <I id="4"
            TEXT="plain text"              TEXTFormat="|2"  TEXTAlign="Right"
            INT="-56"                      INTFormat="0\%"  INTAlign="Left"
            FLOAT="-0.3456789"             FLOATFormat="0%" FLOATAlign="Center"
            DATETIME="12/31/2000 14:56:30" DATETIMEFormat="d.M.yyyy h:mm:ss tt" DATETIMEEditFormat="d.M.yyyy h:mm:ss tt"
            DATE="12/31/2000 14:56:30"     DATEFormat="d.M.yyyy"   DATEAlign="Left"
            TIME="12/31/2000 14:56:30"     TIMEFormat="h:mm:ss tt" TIMEEditFormat="h:mm:ss tt" TIMEAlign="Center"
            />
         <I id="5"
            TEXT="plain text"              TEXTFormat="!!!![aeiouy]!g!_"
            INT="-56789"                   INTFormat="$0.00;&lt;span style=&quot;color:red;&quot;>-$0.00&lt;span>;0"
            FLOAT="-3456.789"              FLOATFormat="$0.00;&lt;span style=&quot;color:red;&quot;>-$0.00&lt;span>;0"
            DATETIME="12/31/2000 14:56:30" DATETIMEFormat="dddddd MMMM HH:mm"             DATETIMEEditFormat="M/d/yyyy HH:mm"
            DATE="12/31/2000 14:56:30"     DATEFormat="dddd, 'week' ddddddd"
            TIME="12/31/2000 14:56:30"     TIMEFormat="'&lt;b>'HH:mm'&lt;/b>' zzz 'UTC'"  TIMEEditFormat="h:mm:ss tt"
            />
         <I id="6"
            TEXT="plain text"              TEXTFormat="!!!![aeiouy]!g!&lt;b>$&amp;&lt;/b>"
            INT="0"                        INTFormat="0;-0;zero"
            FLOAT="-3456.789"              FLOATFormat="&lt;span style=&quot;color:blue;font-weight:bold&quot;>0&lt;/span>.&lt;span style=&quot;color:red&quot;>##&lt;/span> USD"
            DATETIME="12/31/2000 14:56:30" DATETIMEFormat="'&lt;span style=&quot;color:red&quot;>'yyyy'&lt;/span>'-'&lt;span style=&quot;color:green;font-weight:bold&quot;>'M'&lt;/span>'-'&lt;span style=&quot;color:blue;font-weight:bold&quot;>'d'&lt;/span>' '&lt;span style=&quot;color:maroon;font-style:italic;&quot;>'HH|mm|ss'&lt;/span>'"
            DATE="12/31/2000~1/6/2001"     DATERange="1"
            TIME="14:56:30~17:37:00"       TIMERange="1"
            />
         <I id="7"
            INT="-56789"                   INTFormat="0,"
            FLOAT="-3456.789"              FLOATFormat=",0.##;!!! &lt;span style=&quot;background:lime&quot;>,0.##&lt;/span>"
            TEXT="plain text"              TEXTFormat="!!!!(text)!!&lt;span style=&quot;background:lime&quot;>$1&lt;/span>"
            DATETIME="12/31/2000 14:56:30" DATETIMEFormat="'&lt;span style=&quot;background:lime&quot;>'MMM '&lt;b>'dd'&lt;/b>', yyyy'&lt;/span>' '&lt;span style=&quot;background:#FBF;&quot;>'HH.mm.ss'&lt;/span>'"
            DATE="12/31/2000"              DATEFormat="'elapsed' '&lt;b>'DDDD'&lt;/b>' 'days'"
            TIME="14:56:30"                TIMEFormat="'elapsed' '&lt;span style=&quot;background:lime&quot;>'sss'&lt;/span>' 'seconds'"
            />
         <I id="8"
            TEXT=""                        TEXTEmptyValue="&lt;i>empty text&lt;/i>"
            INT="-56789"                   INTFormat="0.00E+00"
            FLOAT="-3456.789"              FLOATFormat="0.000E+000"
            DATETIME="12/31/2000 14:56:30" DATETIMEFormat="ddd d. MMM, yy"
            DATE="12/31/2000"              DATEFormat="'day' DDD in 'year' yyyy"
            TIME="14:56;16:40;18:40;19:26" TIMEFormat="HH:mm" TIMERange="1"
            />
      </B>
   </Body>
   <Header id="id" TEXT="Text" INT="Int" FLOAT="Float" DATETIME="Date (date+time)" DATE="Date (date)" TIME="Date (time)" PASS="Pass"/>
   <Panel Visible="0"/>
</Grid>