<Grid>
   <Cfg id="Alternate" Style="Light" NoVScroll="1" NoHScroll="1" IdChars="0123456789" NumberId="1" MainCol="A"/>
   <Cfg Alternate="2"/>
   <Cols>
      <C Name="id" Type="Int" CanEdit="0" CanSort="0"/>
      <C Name="A" Width="100" />
      <C Name="B" Width="50" Spanned="1"/>
      <C Name="C" Width="50" Spanned="1"/>
      <C Name="D" Width="50" />
   </Cols>
   <Body>
      <B>
         <I id="1" A="1"/>
         <I id="2" A="2" Expanded="0">
            <I id="9" A="2-1">
               <I id="12" A="2-1-1"/>
               <I id="13" A="2-1-2"/>
               <I id="14" A="2-1-3"/>
               <I id="15" A="2-1-4"/>
            </I>
            <I id="10" A="2-2"/>
            <I id="11" A="2-3">
               <I id="16" A="2-3-1"/>
               <I id="17" A="2-3-2"/>
               <I id="18" A="2-3-3"/>
            </I>
         </I>
         <I id="3" A="3"/>
         <I id="4" A="4" BRowSpan="3" AlternateColor="#CEF" Color="#EEE"/>
         <I id="5" A="5" CRowSpan="3" AlternateColor="#EBC" Color="#FCD"/>
         <I id="6" A="6"/>
         <I id="7" A="7"/>
         <I id="8" A="8"/>
      </B>
   </Body>
   <Header id="id"/>
   <Toolbar Cells="Reload,Print,Add,AddChild,Alt,StyleTitle,StyleCombo" Styles="2"
      AltLabel="&lt;span style='color:gray;'>Alternate:&lt;/span>" AltType="Button" AltWidth="50" Alt="Even" AltSwitch="1" AltList="|Even|Third|Fourth|Fifth" AltPopupIcon="2"
      AltOnChange="Grid.Alternate={Even:2,Third:3,Fourth:4,Fifth:5}[Value]; Grid.ReColor();"
      />
</Grid>