<Grid>
   <Cfg id="Custom Controls" NoVScroll="1" NoHScroll="1" Alternate="2" IdChars="0123456789" NumberId="1" MinRowHeight="23" FastPanel="0"/>
   <Panel Class="AlignMiddle"/>
   <Cols>
      <C Name="id" Type="Int" CanEdit="0" CanSort="0" Class="AlignMiddle"/>
      <C Name="E" Type="Html" Width="300" CanEdit="1"/>
      <C Name="S" Type="Text" Width="65" EditMask="^[1-9a-fA-F]*$" ResultMask="^[1-9a-fA-F]+$" Size="6" OnChange="Grid.RefreshCell(Row,'E');" Class="AlignMiddle"/>
   </Cols>
   <Def>
      <D Name="R" VAlign="middle"></D>
   </Def>
   <Body>
      <B>
         <I id="1" E="8882345553" S="334" />
         <I id="2" E="+18882345553" S="2334" />
         <I id="3" E="233445564" S="2334" />
         <I id="4" E="+420567345066" S="4333" />
         <I id="5" E="60794012353453425084" S="44444" />
         <I id="6" E="345945965" S="6B4" />
         <I id="7" E="5F3E2F3425E48BA567340967FF346F23" S="8444C" />
         <I id="8" E="85E4502394A3D342" S="8444C" />
      </B>
   </Body>
   <Header id="id" E="Custom inputs" S="Source"/>
   <Toolbar Styles="2"/>
</Grid>