<Grid>
   <Cfg id="SpanHeader" SuppressCfg="1" ColPaging="2" ColPagingFixed="0" NoVScroll="1"/>
   <Head>
      <Header id="Header" LRowSpan="5" LRotate="2" L="L Rotated" LIcon="" LButton="" RRowSpan="4" RRotate="1" R="R Rotated" RIcon="" RButton=""/> <!-- The main header has always id="Header" -->
      <Header Spanned="1" A0Span="40" A0Align="Scroll" A0="A0 centered &amp; scrolled"/>
      <Header Spanned="1" A1Span="2" A1RowSpan="3" A1="span &amp;&#x0a;rowspan" A4Span="10" A4Align="Scroll" A4="A4 centered &amp; scrolled" B4Span="20" B4="B4 not centered"/>
      <Header Spanned="1" A3Span="18" A3RowSpan="2" A3Align="Scroll" A3="A3 centered &amp; scrolled &amp; rowspan"  C3Span="15" C3RowSpan="2" C3Align="Scroll" C3="C3 centered &amp; scrolled &amp; rowspan"/>
      <Header />
   </Head>
   <LeftCols>
      <C Name="L" Spanned="1" Width="30"/>
   </LeftCols>
   <Cols>
      <C Name="A0"/>
      <C Name="A1" Spanned="1"/>
      <C Name="A2"/>
      <C Name="A3" Spanned="1"/>
      <C Name="A4"/>
      <C Name="A5"/>
      <C Name="A6"/>
      <C Name="A7"/>
      <C Name="A8"/>
      <C Name="A9"/>
      <C Name="B0"/>
      <C Name="B1"/>
      <C Name="B2"/>
      <C Name="B3"/>
      <C Name="B4"/>
      <C Name="B5"/>
      <C Name="B6"/>
      <C Name="B7"/>
      <C Name="B8"/>
      <C Name="B9"/>
      <C Name="C0"/>
      <C Name="C1"/>
      <C Name="C2"/>
      <C Name="C3" Spanned="1"/>
      <C Name="C4"/>
      <C Name="C5"/>
      <C Name="C6"/>
      <C Name="C7"/>
      <C Name="C8"/>
      <C Name="C9"/>
      <C Name="D0"/>
      <C Name="D1"/>
      <C Name="D2"/>
      <C Name="D3"/>
      <C Name="D4"/>
      <C Name="D5"/>
      <C Name="D6"/>
      <C Name="D7"/>
      <C Name="D8"/>
      <C Name="D9"/>
   </Cols>
   <RightCols>
      <C Name="R" Spanned="1" Width="20"/>
   </RightCols>
   
   <Body>
      <B>
         <I A0="A0" A1="A1" A2="A2" A3="A3" A4="A4" A5="A5" A6="A6" A7="A7" A8="A8" A9="A9"
           B0="B0" B1="B1" B2="B2" B3="B3" B4="B4" B5="B5" B6="B6" B7="B7" B8="B8" B9="B9"
           C0="C0" C1="C1" C2="C2" C3="C3" C4="C4" C5="C5" C6="C6" C7="C7" C8="C8" C9="C9"
           D0="D0" D1="D1" D2="D2" D3="D3" D4="D4" D5="D5" D6="D6" D7="D7" D8="D8" D9="D9" R="R" L="L"/>
         <I/>
      </B>
   </Body>
   <Toolbar Styles="2"/>
</Grid>