<Grid>
   <Cfg id="Main" NoVScroll="1" IdChars="0123456789" NumberId="1" Undo="1"/>
   <Cfg DefaultDate="1/1/2010"/>
   <LeftCols>
      <C Name="id" Type="Int" CanEdit="0" CanSort="0"/>
      <C Name="START" Type="Date" Format="dddddd"/>
      <C Name="END" Type="Date" Format="dddddd"/>
      <C Name="DUR" Type="Float" CanEmpty="1"/>
      <C Name="COMP" Type="Float" CanEmpty="1"/>
      <C Name="TIP" Type="Text" Width="198"/>
   </LeftCols>
   <Cols>
      <C Name="GANTT" Type="Gantt"
         GanttDataUnits="d" GanttUnits="d" GanttLastUnit="d" GanttWidth="16" GanttChartRound="d"
         GanttStart="START" GanttEnd="END" GanttDuration="DUR" GanttComplete="COMP" GanttText="TIP"
         GanttHeader1="d#%d"
         GanttMainTip="*id*. *TIP*&lt;br>*START* - *END*" GanttMilestoneTip="*id*. *TIP* at *START*"
         GanttTask="Main"
         GanttShowHtml="3"
         GanttHtmlDateFormat="MM/dd/yyyy"
         />
   </Cols>
   <Header SortIcons="2"/>
   <Body>
      <B>
         <I id="0"/>
         <I id="1" START="1/1/2010" END="1/8/2010" TIP="Task set by start and end"/>
         <I id="2" START="1/4/2010" TIP="Milestone, set by start"/>
         <I id="3" START="1/2/2010" END="1/3/2010" TIP="Not started task with side text" GANTTGanttHtmlRight="*TIP* (at *Start*)"  GANTTGanttHtmlDateFormat="M/d" COMP="0"/> 
         <I id="4" START="1/4/2010" END="1/17/2010" TIP="Task with text inside" GANTTGanttHtml="*TIP* (*Start* - *End*) abcdefghijklmnopqrstuvwxyz" GANTTGanttHtmlDateFormat="M/d" COMP="0"/>
         <I id="5" START="1/8/2010" END="1/14/2010" TIP="Task with text outside centered" GANTTGanttHtmlLeft="*TIP*" GANTTGanttHtmlLeftEdge="3" COMP="0"/>
         <I id="6" START="1/10/2010" END="1/15/2010" TIP="Task with text on both sides and inside" COMP="0" 
            GANTTGanttHtmlLeft="*START*" GANTTGanttHtmlRight="*END*" GANTTGanttHtml="*Duration* days" GANTTGanttHtmlLeftClass="Red" GANTTGanttHtmlRightClass="Blue"/>
         <I id="7" END="1/4/2010" COMP="0" TIP="Incomplete milestone, set by end"/>
         <I id="8" START="1/6/2010" END="1/14/2010" COMP="50" TIP="Incomplete task with icons" GANTTGanttIcons="1"/>
         <I id="9" START="1/12/2010" DUR="6" COMP="80" TIP="Task set by start and duration"/>
         <I id="10" START="1/8/2010" DUR="13" COMP="100" TIP="Higher complete task with icons" GANTTGanttIcons="1" GANTTGanttHeight="20" GANTTGanttHtmlLeft="*TIP*" GANTTGanttHtmlLeftEdge="3" GANTTGanttHtmlShift="5"/>
         <I id="11" START="1/6/2010" DUR="16" COMP="60" TIP="Group task with icons" GANTTGanttClass="Group" GANTTGanttIcons="1"/>
         <I id="12" START="1/18/2010" COMP="100" TIP="Completed milestone, set by start" GANTTGanttHtmlLeft="*TIP*" GANTTGanttHtmlRight="*Start*"/>
         <I id="13" START="1/12/2010" DUR="6" COMP="80" TIP="Disabled task" GANTTGanttIcons="1" GANTTGanttDisabled="1" GANTTGanttHtmlLeft="*TIP*"/>
         <I id="14" START="1/12/2010" DUR="6" COMP="80" TIP="Locked task" GANTTGanttDisabled="2" GANTTGanttHtmlLeft="*TIP*"/>
         <I id="15" START="1/12/2010" DUR="6" COMP="80" TIP="Not editable task" GANTTGanttEdit="" GANTTGanttHtmlLeft="*TIP*" STARTCanEdit="0" ENDCanEdit="0" DURCanEdit="0" COMPCanEdit="0" TIPCanEdit="0"/>
         <I id="16" START="1/14/2010" TIP="Disabled milestone" GANTTGanttDisabled="1" GANTTGanttHtmlLeft="*TIP*"/>
         <I id="17" START="1/6/2010" END="1/14/2010" COMP="70" TIP="Task with custom class and icons" GANTTGanttIcons="1" GANTTGanttClass="Aqua" GANTTGanttHtml="*Duration* days"/>
         <I id="18" START="1/10/2010" TIP="Milestone with color class" GANTTGanttClass="Yellow" GANTTGanttHtmlRight="*Start*"/>
         <I id="19" START="1/7/2010" TIP="Milestone with custom icon" GANTTGanttMilestoneClass="GreenGif" GANTTGanttHtmlLeft="*Start*"/>
         <I id="20" START="1/4/2010" DUR="8" COMP="70" TIP="Task with different height and position"
            GANTTGanttTop="15" GANTTGanttHeight="5" GANTTGanttClass="Red" GANTTGanttHtmlRight="*START* - *END*" GANTTGanttHtmlShift="-3"/>
         <I id="21" START="1/4/2010" DUR="8" COMP="70" TIP="Task with text on top, bottom, inside" GANTTGanttTop="12" Height="40" GANTTGanttIcons="1"
            GANTTGanttHtmlShift="-12" GANTTGanttHtmlRight="*TIP*&lt;div style='padding-left:5px;padding-top:2px;padding-bottom:2px;color:red;'>*COMP*% completed&lt;/div>Sample text" GANTTGanttHtmlRightEdge="2" GANTTGanttHtmlLeft="&lt;br>*Start*"/>
         <I id="22" START="1/2/2010" END="1/8/2010" TIP="Task with left custom icon" GANTTGanttIcons="2" GANTTGanttIconLeft="Red.gif"/>
         <I id="23" START="1/3/2010" END="1/8/2010" TIP="Task with both custom icons &amp; positions" 
            GANTTGanttIcons="4" GANTTGanttIconLeft="Green.gif" GANTTGanttIconRight="Yellow.gif" GANTTGanttIconLeftShift="-20" GANTTGanttIconRightShift="5"/>
         <I id="24" START="1/4/2010" END="1/15/2010" TIP="Task with custom HTML content&#x0a;and custom HTML side texts" TIPType="Lines" Height="36" GANTTGanttClass="Html" GANTTGanttHtmlLeftClass="None" GANTTGanttHtmlRightClass="None"/>
      </B>
   </Body>
   <Header id="id" COMP="%"/>
   <Toolbar Cells="Reload,Print,Undo,Redo,Add,AddChild,ZoomIn,ZoomOut,ZoomFit,Columns,Cfg,Help,StyleTitle,StyleCombo,LAST,Resize" Styles="2"
      LASTType="Bool" LASTLeft="10" LASTLabelRight="End is last unit " LASTFormula="Grid.Cols.GANTT.GanttLastUnit?1:0" LASTCanEdit="1" LASTOnChange="Grid.Cols.GANTT.GanttLastUnit=Value?'d':0; Grid.RefreshGantt(255);"
      />
</Grid>