<Grid>
   <Cfg id="Plans" NoVScroll="1" IdChars="0123456789" NumberId="1" Undo="1"/>
   <Cfg DefaultDate="1/1/2010"/>
   <Cfg MinMidWidth="200"/>
   <Actions OnDblClickGantt="SetGanttPercent OR NewGanttMilestone"/>
   <Def>
      <D Name="R" Height="45"/>
   </Def>
   <LeftCols>
      <C Name="id" Type="Int" CanEdit="0" CanSort="0"/>
      <C Name="TIP" Type="Lines" Width="100"/>
   </LeftCols>
   <Cols>
      <C Name="START" Type="Date" Format="dddddd"/>
      <C Name="END" Type="Date" Format="dddddd"/>
      <C Name="DUR" Type="Float" CanEmpty="1"/>
      <C Name="COMP" Type="Float"/>
      <C Name="PARTS" Type="Date" Range="1" Width="100" Format="dddddd"/>
      <C Name="START1" Type="Date" Format="dddddd"/>
      <C Name="END1" Type="Date" Format="dddddd"/>
      <C Name="DUR1" Type="Float" CanEmpty="1"/>
      <C Name="COMP1" Type="Float"/>
      <C Name="PARTS1" Type="Date" Range="1" Width="100" Format="dddddd"/>
      <C Name="START2" Type="Date" Format="dddddd"/>
      <C Name="END2" Type="Date" Format="dddddd"/>
      <C Name="DUR2" Type="Float" CanEmpty="1"/>
      <C Name="COMP2" Type="Float"/>
      <C Name="PARTS2" Type="Date" Range="1" Width="100" Format="dddddd"/>
      <C Name="START3" Type="Date" Format="dddddd"/>
      <C Name="END3" Type="Date" Format="dddddd"/>
      <C Name="DUR3" Type="Float" CanEmpty="1"/>
      <C Name="COMP3" Type="Float"/>
      <C Name="PARTS3" Type="Date" Range="1" Width="100" Format="dddddd"/>
   </Cols>
   <RightCols>
      <C Name="GANTT" Type="Gantt"
         GanttDataUnits="d" GanttUnits="d" GanttLastUnit="d" GanttWidth="16"
         GanttStart="START" GanttEnd="END" GanttDuration="DUR" GanttComplete="COMP" GanttParts="PARTS" GanttText="TIP"
         GanttStart1="START1" GanttEnd1="END1" GanttDuration1="DUR1" GanttComplete1="COMP1" GanttParts1="PARTS1"
         GanttClass1="Purple" GanttTop1="4" GanttHeight1="2"
         GanttStart2="START2" GanttEnd2="END2" GanttDuration2="DUR2" GanttComplete2="COMP2" GanttParts2="PARTS2"
         GanttClass2="Group" GanttTop2="17" GanttIcons2="5"
         GanttStart3="START3" GanttEnd3="END3" GanttDuration3="DUR3" GanttComplete3="COMP3" GanttParts3="PARTS3"
         GanttClass3="Orange" GanttTop3="32" GanttHeight3="5"
         GanttLeft="1" GanttRight="1"
         GanttHeader1="d#%d"
         GanttMainTip="*id*. *TIP*&lt;br>*Start* - *End* (*Duration* days)" GanttMilestoneTip="*id*. *TIP* at *Start*"
         GanttTask="All"
         GanttCount="4"
         />
   </RightCols>
   <Header SortIcons="2"/>
   <Body>
      <B>
         <I id="0"/>
         <I id="1" START="1/2/2010" END="1/8/2010" START1="1/3/2010" END1="1/9/2010" START2="1/3/2010" END2="1/10/2010" START3="1/2/2010" END3="1/6/2010" TIP="Continuous tasks"/>
         <I id="2" PARTS="1/3/2010~1/18/2010" TIP="Discrete tasks"
            PARTS1="1/3/2010~1/6/2010;1/9/2010~1/12/2010;1/14/2010~1/18/2010"
            PARTS2="1/3/2010~1/10/2010;1/14/2010~1/20/2010"
            PARTS3="1/2/2010~1/5/2010;1/8/2010~1/10/2010;1/14/2010~1/16/2010"
            />
         <I id="3" PARTS="1/3/2010~1/6/2010;1/9/2010~1/12/2010;1/14/2010~1/18/2010" TIP="Tasks with text" GANTTGanttHtml="*Index*. part"
            PARTS1="1/3/2010~1/18/2010" GANTTGanttHtmlRight1="Plan 1" GANTTGanttHtmlShift1="-3"
            PARTS2="1/3/2010~1/10/2010;1/14/2010~1/20/2010" GANTTGanttHtml2="*Start* ~ *End*"
            PARTS3="1/2/2010~1/5/2010;1/8/2010~1/10/2010;1/14/2010~1/16/2010" GANTTGanttHtmlLeft3="*Duration* days" GANTTGanttHtmlLeftEdge3="3" GANTTGanttHtmlShift3="-2"
            />
         <I id="4" PARTS="1/3/2010~1/18/2010" TIP="Incomplete tasks" COMP="30"
            PARTS1="1/3/2010~1/6/2010;1/9/2010~1/12/2010;1/14/2010~1/18/2010" COMP1="50"
            PARTS2="1/3/2010~1/10/2010;1/14/2010~1/20/2010" COMP2="90"
            PARTS3="1/2/2010~1/5/2010;1/8/2010~1/10/2010;1/14/2010~1/16/2010" COMP3="50"
            />
         <I id="5" PARTS="1/3/2010~1/18/2010" TIP="Disabled tasks" COMP="30" GANTTGanttDisabled="1"
            PARTS1="1/3/2010~1/6/2010;1/9/2010~1/12/2010;1/14/2010~1/18/2010" COMP1="50" GANTTGanttDisabled1="1"
            PARTS2="1/3/2010~1/10/2010;1/14/2010~1/20/2010" COMP2="90" GANTTGanttDisabled2="1"
            PARTS3="1/2/2010~1/5/2010;1/8/2010~1/10/2010;1/14/2010~1/16/2010" COMP3="50" GANTTGanttDisabled3="1"
            />
         <I id="6" PARTS="1/3/2010~1/18/2010" TIP="Tasks on different positions and classes" COMP="100" GANTTGanttTop="2" GANTTGanttHeight="36" GANTTGanttClass="Aqua"
            PARTS1="1/3/2010~1/6/2010;1/9/2010~1/12/2010;1/14/2010~1/18/2010" COMP1="50" GANTTGanttTop1="7" GANTTGanttHeight1="26"
            PARTS2="1/3/2010~1/10/2010;1/14/2010~1/20/2010" COMP2="90" GANTTGanttTop2="12" GANTTGanttHeight2="16" GANTTGanttClass2="Green" GANTTGanttIcons2="0"
            PARTS3="1/2/2010~1/5/2010;1/8/2010~1/10/2010;1/14/2010~1/16/2010" COMP3="50" GANTTGanttTop3="17" GANTTGanttHeight3="6" GANTTGanttClass3="Red"
            />
         <I id="7" PARTS="1/10/2010~" TIP="Tasks with milestones" COMP="100"
            PARTS1="1/3/2010~1/6/2010;1/9/2010~" COMP1="50"
            PARTS2="1/3/2010~1/5/2010;1/7/2010~;1/9/2010~1/12/2010;~1/15/2010" COMP2="80"
            PARTS3="1/2/2010~;1/8/2010~;~1/16/2010;~1/17/2010" COMP3="50"
            />
         <I id="8" PARTS="1/10/2010~" TIP="Tasks with custom milestones" COMP="100" 
            PARTS1="1/3/2010~1/6/2010;1/9/2010~" COMP1="50" GANTTGanttMilestoneClass1="YellowGif"
            PARTS2="1/3/2010~1/5/2010;1/7/2010~;1/9/2010~1/12/2010;~1/15/2010" COMP2="80" GANTTGanttMilestoneClass2="GreenGif"
            PARTS3="1/2/2010~;1/8/2010~;~1/16/2010;~1/17/2010" COMP3="50" GANTTGanttMilestoneClass3="RedGif"
            />
         <I id="9" PARTS="1/3/2010~1/18/2010;1/10/2010~1/13/2010" TIP="Overlaid bars" COMP="30" GANTTGanttJoin="-1" GANTTGanttHtml="*Index*"
            PARTS1="1/3/2010~1/6/2010;1/5/2010~1/7/2010;1/16/2010~1/18/2010" COMP1="50" GANTTGanttJoin1="-1"
            PARTS2="1/3/2010~1/6/2010;1/5/2010~1/8/2010;1/7/2010~1/12/2010;1/10/2010~1/15/2010;1/12/2010~1/18/2010" COMP2="90" GANTTGanttJoin2="-1" GANTTGanttIcons2="0" GANTTGanttHtml2="*Index*"
            PARTS3="1/2/2010~1/5/2010;1/8/2010~1/10/2010;1/14/2010~1/16/2010" COMP3="50" GANTTGanttJoin3="-1"
            />
      </B>
   </Body>
   <Header id="id" COMP="%"/>
</Grid>