<Grid>
   <Cfg id="SummaryRun" NoVScroll="1" IdChars="0123456789" NumberId="1" Undo="1"/>
   <Cfg DefaultDate="1/1/2010" MainCol="id"/>
   <LeftCols>
      <C Name="id" Type="Int" CanEdit="0" CanSort="0" Align="Left"/>
      <C Name="START" Type="Date" Format="dddddd" EditFormat="%d"/>
      <C Name="END" Type="Date" Format="dddddd" EditFormat="%d"/>
      <C Name="DUR" Type="Float"/>
      <C Name="COMP" Type="Float" Format="0.#"/>
      <C Name="RUN" Type="Text" Width="55"/>
      <C Name="ANC" Type="Text" />
      <C Name="ES" Type="Date" Format="dddddd" EditFormat="%d"/>
      <C Name="LF" Type="Date" Format="dddddd" EditFormat="%d"/>
   </LeftCols>
   <Cols>
      <C Name="GANTT" Type="Gantt"
         GanttDataUnits="d" GanttUnits="d" GanttWidth="16"
         GanttAncestors="ANC"
         GanttRun="RUN"
         GanttRunStart="START" GanttRunEnd="END" GanttRunDuration="DUR" GanttRunComplete="COMP"
         GanttMinStart="ES" GanttMaxEnd="LF"
         GanttLeft="1" GanttRight="1"
         GanttHeader1="d#%d"
         GanttTask="Run,Main"
         GanttCorrectDependencies="0"
         GanttShowConstraints="2"
         GanttRunSave="4"
         />
   </Cols>
   <Def>
      <D Name="SUM" Calculated="1" AggChildren="1"
         GANTTGanttRun=""
         GANTTGanttStart="START" GANTTGanttEnd="END" GANTTGanttDuration="DUR" GANTTGanttComplete="COMP"
         STARTFormula="ganttrunminstart()" ENDFormula="ganttrunmaxend()" DURFormula="ganttrunsumduration()" COMPFormula="ganttpercent()"
         RUN=""
         GANTTGanttClass="Olive" GANTTGanttIcons="1" GANTTGanttEdit="" CanEdit="0"
         DefEmpty="" DefParent=""
         />
      <D Name="SUMEDIT" Def="SUM"
         STARTCanEdit="1"
         GANTTGanttSummary="-" RUNCanEdit="0"
         GANTTGanttClass="Group" GANTTGanttIcons="0" CanEdit="1" GANTTGanttEdit="all"
         DefEmpty="R" DefParent="SUMEDIT"
         />
      <D Name="R" DefEmpty="R" DefParent="SUMEDIT"/>
   </Def>
   <Body>
      <B>
         <I Def="SUM" id="21">
            <I Def="SUMEDIT" id="11" ES="1/2/2010" LF="1/13/2010">
               <I id="1" START="1/1/2010" RUN="2;1,;1" COMP="100"/>
               <I id="2" START="1/5/2010" RUN="2" COMP="30" ANC="1"/>
            </I>
            <I Def="SUMEDIT" id="12" ANC="0@11">
               <I id="3" START="1/7/2010" RUN="0,milestone;1,;2" COMP="100" ES="1/3/2010" LF="1/12/2010"/>
               <I id="4" START="1/9/2010" RUN="2;;1;1,;2" COMP="20" ANC="3"/>
            </I>
         </I>
      </B>
   </Body>
   <Header id="id" STARTTip="Start date" ENDTip="End date" COMPTip="Percentage complete" RUNTip="Discrete parts of the task" DURTip="Duration" ANCTip="Ancestors (predecessors)" ESTip="Early start constraint" LFTip="Late finish constraint" SortIcons="0"/>
   <Toolbar Styles="2"/>
</Grid>