<Grid>
   <Cfg id="Flags" NoVScroll="1" IdChars="0123456789" NumberId="1"/>
   <Cfg DefaultDate="1/1/2010" MinMidWidth="200"/>
   <LeftCols>
      <C Name="id" Type="Int" CanEdit="0" CanSort="0"/>
      <C Name="INFO" Type="Text"/>
   </LeftCols>
   <Cols>
      <C Name="FLAGS" Type="Date" Range="1" Width="100" Button="" Format="dddddd" EditFormat="dd" Align="Left"/>
      <C Name="ICONS" Type="Text" Width="100"/>
      <C Name="CLASSES" Type="Text" Width="100"/>
      <C Name="TEXTS" Type="Text" Width="100"/>
   </Cols>
   <RightCols>
      <C Name="GANTT" Type="Gantt" 
         GanttDataUnits="d" GanttUnits="d" GanttWidth="16"
         GanttFlags="FLAGS" GanttFlagTexts="TEXTS" GanttFlagIcons="ICONS" GanttFlagClasses="CLASSES"
         GanttLeft="1" GanttRight="1"
         GanttHeader1="d#%d"
         GanttFlagsTip="*id*. *Start*&lt;br>*Text*"
         GanttFlagIconList="|-||Red.gif|Yellow.gif|Green.gif"
         GanttFlagIconNames="|None|Default|%d Error|%d Warning|%d Info"
         GanttTextOverlay="1" GanttFlagsMove="2"
         />
   </RightCols>
   <Body>
      <B>
         <I id="0"/>
         <I id="1" 
            FLAGS="1/2/2010" TEXTS="this is flag text"
            INFO="Single flag with text tip"
            />
         <I id="2"
            FLAGS="1/3/2010;1/7/2010;1/8/2010" TEXTS="the first flag text;the second flag text;the third flag text"
            INFO="More flags with text tips"
            />
         <I id="3"
            FLAGS="1/2/2010" TEXTS="this is flag text" ICONS="Yellow.gif"
            INFO="Single flag with custom icon"
            />
         <I id="4"
            FLAGS="1/3/2010;1/5/2010;1/8/2010;1/9/2010;1/11/2010" 
            ICONS="Green.gif;Red.gif;Yellow.gif;Red.gif" 
            TEXTS="the first flag text;the second flag text;the third flag text"
            INFO="More flags with custom icons"
            />
         <I id="5"
            FLAGS="1/2/2010" TEXTS="flag text right to the icon"
            INFO="Single flag with text" 
            GANTTGanttFlagsType="3"
            />
         <I id="6"
            FLAGS="1/3/2010;1/7/2010;1/9/2010" TEXTS="1st text;2nd text;3rd text"
            INFO="More flags with texts"
            GANTTGanttFlagsType="3"
            />
         <I id="7"
            FLAGS="1/3/2010;1/7/2010;1/9/2010" TEXTS="1st text;2nd text;3rd text"
            INFO="Only texts"
            GANTTGanttFlagsType="2" GANTTGanttFlagIconList=""
            />
         <I id="8"
            FLAGS="1/2/2010;1/5/2010;1/9/2010" TEXTS="red text;green text;blue text"
            ICONS="Red.gif;Green.gif;Yellow.gif" CLASSES="Red;Green;Blue"
            INFO="Texts with CSS classes"
            GANTTGanttFlagsType="3"
            GANTTGanttFlagClassList="|||Red|Blue|Green"
            GANTTGanttFlagIconNames="|None|Default|%1 %2Error%3|%1 %2Warning%3|%1 %2Info%3"
            />
         <I id="9"
            FLAGS="1/3/2010;1/7/2010;1/9/2010" TEXTS="1st text;2nd text;3rd text"
            INFO="Only texts with CSS class" CLASSES="Green;Green;Red;"
            GANTTGanttFlagsType="2" GANTTGanttFlagIconList=""
            GANTTGanttFlagClassList="||Red|Blue|Green"
            GANTTGanttFlagIconNames="|Default|%2Error%3|%2Warning%3|%2Info%3"
            />
         <I id="10"
            FLAGS="1/2/2010;1/4/2010;1/8/2010" ICONS=";-;Green.gif" TEXTS=";only text;icon+text"
            INFO="Mixed content"
            GANTTGanttFlagsType="3"
            />
         <I id="11" FLAGS="1/2/2010;1/8/2010" ICONS="-;Yellow.gif" TEXTS="1st text;2nd text"
            INFO="Custom content by API" Height="45"
            GANTTGanttFlagsType="3"
            />
      </B>
   </Body>
   <Header id="id"/>
</Grid>