<Grid>
   <Cfg id="ContinuousRunArray" NoVScroll="1" IdChars="0123456789" NumberId="1"/>
   <Cfg DefaultDate="1/1/2010" MinMidWidth="100"/>
   <Cfg FastGantt="0"/>
   <LeftCols>
      <C Name="id" Type="Int" CanEdit="0" CanSort="0"/>
   </LeftCols>
   <Cols>
      <C Name="START" Type="Date" Format="dddddd" Width="45"/>
      <C Name="RUN" Type="Text" Width="335"/>
   </Cols>
   <RightCols>
      <C Name="GANTT" Type="Gantt"
         GanttDataUnits="d" GanttUnits="d" GanttWidth="18"
         GanttLeft="1" GanttRight="1"
         GanttHeader1="d#%d"
         GanttRun="RUN" GanttRunStart="START"
         GanttRunShowHtml="2"
         />
   </RightCols>
   <Body>
      <B>
         <I id="0"/>
         <I id="1" 
            START="5/6/2010" 
            RUN="8,Box,One normal box with tooltip,,Tooltip for the box"
            />
         <I id="3"
            START="5/4/2010" 
            RUN="8,,Normal boxes with length: %n;;2,,%n;;4,,%n;;5,,%n days;;1,,%n;;2,,%n" 
            GANTTGanttRunFormat=""
            />
         <I id="4"
            START="5/4/2010" 
            RUN="8,,Normal boxes with time: %d;;2,,%d;;4,,%d;;5,,time %d;;1,,%d;;2,,%d" 
            GANTTGanttRunFormat="hhh:mm"
            />
         <I id="5"
            START="5/2/2010"
            RUN="8,,Boxes with box side text;3,;3,,inner text,,,,,,,,,,,Left,Right;6,;4,,inner text,,,,,,,,,,,Left text;1,;4,,inner text,,,,,,,,,,,,Right text"
            />
         <I id="6"
            START="5/3/2010" GANTTGanttRunHtmlLeft="*Start*" GANTTGanttRunHtmlLeftEdge="1" GANTTGanttRunHtmlDateFormat="M/d" GANTTGanttRunHtmlRight="*4**Duration* days" GANTTGanttRunHtmlRightEdge="4"
            RUN="8,,,,Boxes with side text - ;2,;3;3,;4;3,;3;3,;0,milestone"
            />
         <I id="7"
            START="5/2/2010" 
            RUN="6,,Not adjacent boxes;2,empty;3;1,empty;4;1,empty;3;0,empty;2;2,empty;1;2,empty,Empty;4"
            />
         <I id="8"
            START="5/5/2010" 
            RUN="6,,Joined boxes;3;4;;5,,Next;2;3;4"
            />
         <I id="9"
            START="5/2/2010" 
            RUN="7,,Joined boxes with spaces;2,nbsp;3;1,nbsp;4;1,;5,,Next;2;3,nbsp,Empty;3"
            />
         <I id="10"
            START="5/6/2010" GANTTGanttRunNewStart="2,end,Start;;0.0001,box" 
            RUN="2,end,Start;;6,Box,Task with start;3;;2;;2,empty;2;7,empty;2"
            />
         <I id="11"
            START="5/6/2010" GANTTGanttRunNewStart="0.0001,box;;2,end,End"
            RUN="6,Box,Task with end;3;;2;;4,empty;2;5,empty;2;;2,end,End"
            />
         <I id="12"
            START="5/6/2010" GANTTGanttRunNewStart="2,end,Start;;0.0001,box;;2,end,End" 
            RUN="2,end,Start;;6,Box,Task with both;3;;2;6,empty;2;3,empty;2;;2,end,End"
            />
         <I id="13"
            START="5/6/2010" 
            RUN="2,bound,Start;;9,Box,Task with fixed start and end;;2;8,empty;2;1,empty;2;;2,bound,End"
            />
         <I id="14"
            START="5/2/2010" 
            RUN="4,,Fixed boxes;1,empty;2,fixed,Fixed;1,empty;3;1,empty;2;1,empty;3,Left,Fixed left;1,empty;2;1,empty;4,Right,Fixed right;1,empty;2"
            />
         <I id="15"
            START="5/2/2010" 
            RUN="4,,Solid boxes;2,empty;3,solid,Solid;1,empty;4,solid,Solid;1,empty;3;0,empty;2,solid,Solid;2,empty;1;2,empty;4,solid,Solid"
            />
         <I id="16"
            START="5/2/2010" GANTTOnRightDragGantt="MoveGanttRun"
            RUN="9,,Milestones and zero width boxes;1,;0,Milestone;1,;0,box;;1;1,;0,Stop;2,;0,Milestone;;3;;0,Milestone;1,;0,box;2,;0,Milestone;0,Milestone;0,Milestone;0,Milestone;3,;0,Milestone;1,;0,Milestone;2,;0,box;;0,box;;0,box;4,;0,Stop"
            />
         <I id="17"
            START="5/2/2010" GANTTGanttRunAdjustRight="Error"
            RUN="7,,Errors - overlaying boxes;2,empty;3,,1.;-2;3,,2. Error;2,empty;6,,3.;-5;3,,4. Error;1,;0,milestone;2,empty;0,milestone;3,empty;5,,5.;-6;3,,6. Error;2,empty;3,,7. Error"
            />
         <I id="18"
            START="5/2/2010" 
            RUN="6,,Boxes with classes;;2,,Red,Red;;2,,Blue,Blue;;2,,Green,Green;1,empty;3,,Fuchsia,Fuchsia;;2,,Aqua,Aqua;;2,,Lime,Lime;1,empty;3,,Maroon,Maroon;;2,,Navy,Navy;;2,,Olive,Olive;1,empty;3,,Custom 1,Custom1"
            />
         <I id="19"
            START="5/2/2010" 
            RUN="6,,Boxes with classes;;3,,Orange,Orange;1,empty;2,,Purple,Purple;;2,,Silver,Silver;1,empty;2,,Teal,Teal;4,nbsp,Yellow (Nbsp),Yellow;2,,Black,Black;;2,,Gray,Gray;;2,,White,White;1,empty;4,,Custom 2,Custom2"
            />
         <I id="20"
            START="5/2/2010"
            RUN="7,,Milestones with classes;2,;0,milestone,,Red;1,;0,milestone,,Blue;1,;0,milestone,,Green;2,;0,milestone,,Fuchsia;;0,milestone,,Aqua;1,;0,milestone,,Lime;1,;0,milestone,,Maroon;1,;0,milestone,,Orange;1,;0,milestone,,Silver;1,;0,milestone,,Yellow;1,;0,milestone,,Black;2,;0,milestone,Red.gif,RedHover.gif;1,;0,milestone,Green.gif,GreenHover.gif;2,;0,milestone,Yellow.gif,Red.gif"
            />
         <I id="21"
            START="5/2/2010"
            RUN="#*12**Run defined with different separators than , ;#2*empty#4*solid##5"
            />
         <I id="22"
            START="5/12/2010"
            RUN="2,,1;6,;3,,2;2,;3,,3;-14,;4,,4;-16,;9,,Boxes defined in random order 5"
            GANTTGanttRunError="Sort"
            />
         <I id="23" 
            START="5/2/2010"
            RUN="8,,Independent boxes;;2,,1;;1,,2;1,;3,,3;-1,;4,,4;2,;5,,5;-2,;6,,6"
            GANTTGanttRunError="sort" GANTTGanttRunAdjust="error"
            />
         <I id="24" 
            START="5/2/2010"
            RUN="11,,Overlaid boxes moved to different levels;-3,;2,,1;1,;1,,2;1,;4,,3;-3,;13,,4;-10,;4,,5;-1,;6,,6;-3,;3,,7;;3,,8;;3,,9"
            GANTTGanttRunError="sort" GANTTGanttRunErrorsShift="17" GANTTGanttRunAdjust="error"
            />
         <I id="25" 
            START="5/2/2010"
            RUN="|,9,,Different height and level boxes|-7,|0,Milestone,,,,,,,20,20|2,|0,Milestone,Red.gif,Yellow.gif,,,,,30,18|2,|5,,Left&lt;br>&lt;div style='text-align:right;color:red;'>Right&lt;/div>&lt;div style='text-align:center;color:blue;'>Center&lt;/div>,,,,,,20,29|1,|5,,Top|-4,|5,,Middle,Yellow,,,,,22|-8,|6,,Bottom,,,,,,44|3,|0,Milestone,Red.gif,Yellow.gif,,,,,0,18||0,Milestone,Green.gif,Yellow.gif,,,,,20,18||0,Milestone,,,,,,,40||0,Milestone,,,,,,,53|2,|6,,1|-5,|5,,2,,,,,,6|-4,|4,,3,,,,,,12|-3,|3,,4,,,,,,18|-2,|2,,5,,,,,,24|1,|4,,normal&lt;div style='background:red;color:white;text-align:center;'>red&lt;/div>&lt;div style='background:url(Yellow.gif) no-repeat right center'>left&lt;/div>bottom,,,,,,0,40"
            GANTTGanttRunError="sort" GANTTGanttRunErrors="0" GANTTGanttRunAdjust="error"
            />
         <I id="26" 
            START="5/2/2010"
            GANTTGanttRunLevels="17" GANTTGanttRunTop="1" GANTTGanttRunErrors="0" GANTTGanttRunMove="Move" GANTTGanttRunAdjust="error" Height="70" GANTTGanttRunHtml="*Index* *Text*"
            RUN="5,,The run boxes;-4,;5,,can be created,,,,,,18;-6,;5,,or moved,,,,,,35;-4,;5,,on these levels,,,,,,52"
            />
         <I id="27"
            START="5/2/2010"
            RUN="6,,Custom content;1,;7,,1st text;5,;5,,2nd text;;6,,3rd text"
            Height="50"
            />
      </B>
   </Body>
   <Header id="id" SortIcons="2"/>
</Grid>