<Grid>
   <Cfg id="IndependentRunArray" NoVScroll="1" IdChars="0123456789" NumberId="1"/>
   <Cfg DefaultDate="1/1/2010" MinMidWidth="100"/>
   <Cfg FastGantt="1"/>
   <LeftCols>
      <C Name="id" Type="Int" CanEdit="0" CanSort="0"/>
   </LeftCols>
   <Cols>
      <C Name="RUN" Type="Text" Width="380"/>
   </Cols>
   <RightCols>
      <C Name="GANTT" Type="Gantt" 
         GanttDataUnits="d" GanttUnits="d" GanttLastUnit="d" GanttWidth="18"
         GanttLeft="1" GanttRight="1"
         GanttHeader1="d#%d"
         GanttRun="RUN"
         GanttRunShowHtml="2"
         />
   </RightCols>
   <Body>
      <B>
         <I id="0"/>
         <I id="1"
            RUN="05/06/2010,05/16/2010,box,Single box set by start and end,,this is the box tip"
            />
         <I id="2"
            RUN="05/06/2010,11,box,Single box set by start and duration,,this is the box tip"
            GANTTGanttRunSave="2"
            />
         <I id="3"
            RUN="5/4/2010,8,,Normal boxes with length: %n;5/12/2010,2,,%n;5/14/2010,4,,%n;5/18/2010,5,,%n days;5/23/2010,1,,%n;5/24/2010,2,,%n"
            GANTTGanttRunFormat="" GANTTGanttRunSave="2"
            />
         <I id="4"
            RUN="5/4/2010,5/11/2010,,Normal boxes with time: %d;5/12/2010,5/13/2010,,%d;5/14/2010,5/17/2010,,%d;5/18/2010,5/22/2010,,time %d;5/23/2010,5/23/2010,,%d;5/24/2010,5/25/2010,,%d"
            GANTTGanttRunFormat="hhh:mm"
            />
         <I id="5"
            RUN="5/2/2010,8,,Boxes with box side text;5/13/2010,3,,inner text,,,,,,,,,,,Left,Right;5/22/2010,4,,inner text,,,,,,,,,,,Left text;5/27/2010,4,,inner text,,,,,,,,,,,,Right text"
            />
         <I id="6"  GANTTGanttRunHtmlLeft="*Start*" GANTTGanttRunHtmlLeftEdge="1" GANTTGanttRunHtmlDateFormat="M/d" GANTTGanttRunHtmlRight="*4**Duration* days" GANTTGanttRunHtmlRightEdge="4"
            RUN="5/3/2010,8,,,,Boxes with side text - ;5/13/2010,3;5/19/2010,4;5/26/2010,3;6/1/2010,0,milestone"
            />
         <I id="7"
            RUN="5/2/2010,5/7/2010,,Not adjacent boxes;5/10/2010,3;5/14/2010,4;5/19/2010,3;5/22/2010,2;5/26/2010,1;5/29/2010,4"
            />
         <I id="8"
            RUN="5/5/2010,6,,Joined boxes;3;4;;5,,Next;2;3;4"
            GANTTGanttRunSave="2"
            />
         <I id="9"
            RUN="5/2/2010,5/8/2010,,Joined boxes with spaces;2,nbsp;3;1,nbsp;4;5/20/2010,5,,Next;2;3,nbsp,Empty;3"
            />
         <I id="10"
            RUN="5/4/2010,2,end,Start;5/6/2010,6,Box,Task with start;3;5/15/2010,2;5/19/2010,2;5/28/2010,2"
            GANTTGanttRunSave="2" GANTTGanttRunNewStart="2,end,Start;;0.0001,box"
            />
         <I id="11"
            RUN="5/6/2010,5/11/2010,Box,Task with end;3;5/15/2010,5/16/2010;5/21/2010,5/22/2010;5/28/2010,5/29/2010;5/30/2010,5/31/2010,end,End"
            GANTTGanttRunNewStart="0.0001,box;;2,end,End"
            />
         <I id="12"
            RUN="5/4/2010,2,end,Start;5/6/2010,6,Box,Task with both;3;5/15/2010,2;5/23/2010,2;5/28/2010,2;5/30/2010,2,end,End"
            GANTTGanttRunSave="2" GANTTGanttRunNewStart="2,end,Start;;0.0001,box;;2,end,End"
            />
         <I id="13"
            RUN="5/4/2010,5/5/2010,bound,Start;5/6/2010,5/14/2010,Box,Task with fixed start and end;5/15/2010,5/16/2010;5/25/2010,5/26/2010;5/28/2010,5/29/2010;5/30/2010,5/31/2010,bound,End"
            />
         <I id="14"
            RUN="5/2/2010,4,,Fixed boxes;5/7/2010,2,fixed,Fixed;5/10/2010,3;5/14/2010,2;5/17/2010,3,Left,Fixed left;5/21/2010,2;5/24/2010,4,Right,Fixed right;5/29/2010,2"
            GANTTGanttRunSave="2"
            />
         <I id="15"
            RUN="5/2/2010,5/5/2010,,Solid boxes;5/8/2010,5/10/2010,solid,Solid;5/12/2010,5/15/2010,solid,Solid;5/17/2010,5/19/2010;5/20/2010,5/21/2010,solid,Solid;5/24/2010,5/24/2010;5/27/2010,5/30/2010,solid,Solid"
            />
         <I id="16"
            RUN="5/2/2010,5/10/2010,,Milestones and zero duration boxes;5/12/2010,0,Milestone;5/13/2010,0;5/13/2010,1;5/15/2010,0,Stop;5/17/2010,0,Milestone;5/17/2010,3;5/20/2010,0,Milestone;5/21/2010,0;5/23/2010,0,Milestone;5/23/2010,0,Milestone;5/23/2010,0,Milestone;5/23/2010,0,Milestone;5/26/2010,0,Milestone;5/27/2010,0,Milestone;5/29/2010,0;5/29/2010,0;5/29/2010,0;6/2/2010,0,Stop"
            GANTTOnRightDragGantt="MoveGanttRun"
            />
         <I id="17" GANTTGanttRunAdjustRight="Error"
            RUN="5/2/2010,7,,Errors - overlaying boxes;5/11/2010,3,,1.;5/12/2010,3,,2. Error;5/17/2010,6,,3.;5/18/2010,3,,4. Error;5/22/2010,0,milestone;5/24/2010,0,milestone;5/27/2010,5,,5.;5/26/2010,3,,6. Error;5/31/2010,3,,7. Error"
            GANTTGanttRunSave="2"
            />
         <I id="18"
            RUN="5/2/2010,5/7/2010,,Boxes with classes;5/8/2010,5/9/2010,,Red,Red;5/10/2010,5/11/2010,,Blue,Blue;5/12/2010,5/13/2010,,Green,Green;5/15/2010,5/17/2010,,Fuchsia,Fuchsia;5/18/2010,5/19/2010,,Aqua,Aqua;5/20/2010,5/21/2010,,Lime,Lime;5/23/2010,5/25/2010,,Maroon,Maroon;5/26/2010,5/27/2010,,Navy,Navy;5/28/2010,5/29/2010,,Olive,Olive;5/31/2010,6/2/2010,,Custom 1,Custom1"
            />
         <I id="19"
            RUN="5/2/2010,6,,Boxes with classes;5/8/2010,3,,Orange,Orange;5/12/2010,2,,Purple,Purple;5/14/2010,2,,Silver,Silver;5/17/2010,2,,Teal,Teal;4,nbsp,Yellow (Nbsp),Yellow;2,,Black,Black;5/25/2010,2,,Gray,Gray;5/27/2010,2,,White,White;5/30/2010,4,,Custom 2,Custom2"
            GANTTGanttRunSave="2"
            />
         <I id="20"
            RUN="5/2/2010,7,,Milestones with classes;5/11/2010,0,milestone,,Red;5/12/2010,0,milestone,,Blue;5/13/2010,0,milestone,,Green;5/15/2010,0,milestone,,Fuchsia;5/15/2010,0,milestone,,Aqua;5/16/2010,0,milestone,,Lime;5/17/2010,0,milestone,,Maroon;5/18/2010,0,milestone,,Orange;5/19/2010,0,milestone,,Silver;5/20/2010,0,milestone,,Yellow;5/21/2010,0,milestone,,Black;5/23/2010,0,milestone,Red.gif,RedHover.gif;5/24/2010,0,milestone,Green.gif,GreenHover.gif;5/26/2010,0,milestone,Yellow.gif,Red.gif"
            />
         <I id="21"
            RUN="#*5/2/2010*12**Run defined with different separators than , ;#5/16/2010*4*solid#5/20/2010*5"
            />
         <I id="22"
            RUN="5/12/2010,2,,1;5/20/2010,3,,2;5/25/2010,3,,3;5/14/2010,4,,4;5/2/2010,9,,Boxes defined in random order 5"
            GANTTGanttRunError="Sort" GANTTGanttRunSave="2"
            />
         <I id="23" GANTTGanttRunSave="3" GANTTGanttRunError="sort" GANTTGanttRunAdjust="error"
            RUN="5/2/2010,5/9/2010,,Independent boxes;5/10/2010,5/11/2010,,1;5/13/2010,5/13/2010,,2;5/15/2010,5/17/2010,,3;5/17/2010,5/20/2010,,4;5/23/2010,5/26/2010,,5;5/25/2010,5/30/2010,,6"
            />
         <I id="24" GANTTGanttRunSave="7" GANTTGanttRunError="sort" GANTTGanttRunErrorsShift="17" GANTTGanttRunAdjust="error"
            RUN="5/2/2010,5/12/2010,,Overlaid boxes moved to different levels;5/10/2010,5/11/2010,,1;5/13/2010,5/13/2010,,2;5/15/2010,5/18/2010,,3;5/16/2010,5/28/2010,,4;5/19/2010,5/22/2010,,5;5/22/2010,5/27/2010,,6;5/25/2010,5/27/2010,,7;5/28/2010,5/30/2010,,8;5/31/2010,6/2/2010,,9"
            />
         <I id="25" GANTTGanttRunSave="7" GANTTGanttRunError="sort" GANTTGanttRunErrors="0" GANTTGanttRunAdjust="error"
            RUN="|,5/2/2010,5/10/2010,,Different height and level boxes|5/4/2010,0,Milestone,,,,,,,20,20|5/6/2010,0,Milestone,Red.gif,Yellow.gif,,,,,30,18|5/8/2010,5/12/2010,,Left&lt;br>&lt;div style='text-align:right;color:red;'>Right&lt;/div>&lt;div style='text-align:center;color:blue;'>Center&lt;/div>,,,,,,20,30|5/14/2010,5/18/2010,,Top|5/15/2010,5/19/2010,,Middle,Yellow,,,,,22|5/12/2010,5/17/2010,,Bottom,,,,,,44|5/21/2010,0,Milestone,Red.gif,Yellow.gif,,,,,0,18|5/21/2010,0,Milestone,Green.gif,Yellow.gif,,,,,20,18|5/21/2010,0,Milestone,,,,,,,40|5/21/2010,0,Milestone,,,,,,,53|5/23/2010,5/28/2010,,1|5/24/2010,5/28/2010,,2,,,,,,6|5/25/2010,5/28/2010,,3,,,,,,12|5/26/2010,5/28/2010,,4,,,,,,18|5/27/2010,5/28/2010,,5,,,,,,24|5/30/2010,6/2/2010,,normal&lt;div style='background:red;color:white;text-align:center;'>red&lt;/div>&lt;div style='background:url(Yellow.gif) no-repeat right center'>left&lt;/div>bottom,,,,,,0,40"
            />
         <I id="26" GANTTGanttRunLevels="17" GANTTGanttRunTop="1" GANTTGanttRunErrors="0" GANTTGanttRunMove="Move" GANTTGanttRunAdjust="error" Height="70" GANTTGanttRunHtml="*Index* *Text*"
            RUN="5/2/2010,5,,The run boxes;5/3/2010,5,,can be created,,,,,,18;5/2/2010,5,,or moved,,,,,,35;5/4/2010,5,,on these levels,,,,,,52"
            />
         <I id="27" Height="50" GANTTGanttRunSave="7" GANTTGanttRunHeight="37"
            RUN="5/2/2010,5/7/2010,,Custom content;5/9/2010,5/15/2010,,1st text;5/21/2010,5/25/2010,,2nd text;5/26/2010,6/1/2010,,3rd text"
            />
      </B>
   </Body>
   <Header id="id"/>
</Grid>