<Grid>
   <Cfg id="IndependentRunJSON" NoVScroll="1" IdChars="0123456789" NumberId="1"/>
   <Cfg DefaultDate="1/1/2010" MinMidWidth="100"/>
   <Cfg FastGantt="1"/>
   <LeftCols>
      <C Name="id" Type="Int" CanEdit="0" CanSort="0"/>
   </LeftCols>
   <Cols>
      <C Name="RUN" Type="Text" Width="380"/>
   </Cols>
   <RightCols>
      <C Name="GANTT" Type="Gantt"
      GanttDataUnits="d" GanttUnits="d" GanttLastUnit="d" GanttWidth="18"
      GanttLeft="1" GanttRight="1"
      GanttHeader1="d#%d"
      GanttRun="RUN"
      GanttRunShowHtml="2"
      GanttRunNewStart="[{Duration:'0.0001',Type:'box'}]"
      />
   </RightCols>
   <Body>
      <B>
         <I id="0"/>
         <I id="1"
            RUN="[{Start:'05/06/2010',End:'05/16/2010',Type:'box',Text:'Single box set by start and end',Tip:'this is the box tip'}]"
            />
         <I id="2"
            RUN="[{Start:'05/06/2010',Duration:11,Type:'box',Text:'Single box set by start and duration',Tip:'this is the box tip'}]"
            GANTTGanttRunSave="2"
            />
         <I id="3"
            RUN="[{Start:'5/4/2010',Duration:8,Text:'Normal boxes with length: %n'},{Start:'5/12/2010',Duration:2,Text:'%n'},
            {Start:'5/14/2010',Duration:4,Text:'%n'},{Start:'5/18/2010',Duration:5,Text:'%n days'},{Start:'5/23/2010',Duration:1,Text:'%n'},{Start:'5/24/2010',Duration:2,Text:'%n'}]"
            GANTTGanttRunFormat="" GANTTGanttRunSave="2"
            />
         <I id="4"
            RUN="[{Start:'5/4/2010',End:'5/11/2010',Text:'Normal boxes with time: %d'},{Start:'5/12/2010',End:'5/13/2010',Text:'%d'},{Start:'5/14/2010',End:'5/17/2010',Text:'%d'},
            {Start:'5/18/2010',End:'5/22/2010',Text:'time %d'},{Start:'5/23/2010',End:'5/23/2010',Text:'%d'},{Start:'5/24/2010',End:'5/25/2010',Text:'%d'}]"
            GANTTGanttRunFormat="hhh:mm"
            />
         <I id="5"
            RUN="[{Start:'5/2/2010',Duration:8,Text:'Boxes with box side text'},{Start:'5/13/2010',Duration:3,Text:'inner text',TextLeft:'Left',TextRight:'Right'},
            {Start:'5/22/2010',Duration:4,Text:'inner text',TextLeft:'Left text'},{Start:'5/27/2010',Duration:4,Text:'inner text',TextRight:'Right text'}]"
            />
         <I id="6"  GANTTGanttRunHtmlLeft="*Start*" GANTTGanttRunHtmlLeftEdge="1" GANTTGanttRunHtmlDateFormat="M/d" GANTTGanttRunHtmlRight="*4**Duration* days" GANTTGanttRunHtmlRightEdge="4"
            RUN="[{Start:'5/3/2010',Duration:8,Tip:'Boxes with side text - '},{Start:'5/13/2010',Duration:3},
            {Start:'5/19/2010',Duration:4},{Start:'5/26/2010',Duration:3},{Start:'6/1/2010',Duration:0,Type:'milestone'}]"
            />
         <I id="7"
            RUN="[{Start:'5/2/2010',End:'5/7/2010',Text:'Not adjacent boxes'},{Start:'5/10/2010',Duration:3},{Start:'5/14/2010',Duration:4},
            {Start:'5/19/2010',Duration:3},{Start:'5/22/2010',Duration:2},{Start:'5/26/2010',Duration:1},{Start:'5/29/2010',Duration:4}]"
            />
         <I id="8"
            RUN="[{Start:'5/5/2010',Duration:6,Text:'Joined boxes'},{Duration:3},{Duration:4},{},{Duration:5,Text:'Next'},{Duration:2},{Duration:3},{Duration:4}]"
            GANTTGanttRunSave="2"
            />
         <I id="9"
            RUN="[{Start:'5/2/2010',End:'5/8/2010',Text:'Joined boxes with spaces'},{Duration:2,Type:'nbsp'},{Duration:3},{Duration:1,Type:'nbsp'},
            {Duration:4},{Start:'5/20/2010',Duration:5,Text:'Next'},{Duration:2},{Duration:3,Type:'nbsp',Text:'Empty'},{Duration:3}]"
            />
         <I id="10"
            RUN="[{Start:'5/4/2010',Duration:2,Type:'end',Text:'Start'},{Start:'5/6/2010',Duration:6,Type:'Box',Text:'Task with start'},
            {Duration:3},{Start:'5/15/2010',Duration:2},{Start:'5/19/2010',Duration:2},{Start:'5/28/2010',Duration:2}]"
            GANTTGanttRunSave="2" GANTTGanttRunNewStart="[{Duration:2,Type:'end',Text:'Start'},{},{Duration:'0.0001',Type:'box'}]"
            />
         <I id="11"
            RUN="[{Start:'5/6/2010',End:'5/11/2010',Type:'Box',Text:'Task with end'},{Duration:3},{Start:'5/15/2010',End:'5/16/2010'},
            {Start:'5/21/2010',End:'5/22/2010'},{Start:'5/28/2010',End:'5/29/2010'},{Start:'5/30/2010',End:'5/31/2010',Type:'end',Text:'End'}]"
            GANTTGanttRunNewStart="[{Duration:'0.0001',Type:'box'},{},{Duration:2,Type:'end',Text:'End'}]"
            />
         <I id="12"
            RUN="[{Start:'5/4/2010',Duration:2,Type:'end',Text:'Start'},{Start:'5/6/2010',Duration:6,Type:'Box',Text:'Task with both'},{Duration:'3'},
            {Start:'5/15/2010',Duration:2},{Start:'5/23/2010',Duration:2},{Start:'5/28/2010',Duration:2},{Start:'5/30/2010',Duration:2,Type:'end',Text:'End'}]"
            GANTTGanttRunSave="2" GANTTGanttRunNewStart="[{Duration:2,Type:'end',Text:'Start'},{},{Duration:'0.0001',Type:'box'},{},{Duration:2,Type:end',Text:'End'}]"
            />
         <I id="13"
            RUN="[{Start:'5/4/2010',End:'5/5/2010',Type:'bound',Text:'Start'},{Start:'5/6/2010',End:'5/14/2010',Type:'Box',Text:'Task with fixed start and end'},{Start:'5/15/2010',End:'5/16/2010'},
            {Start:'5/25/2010',End:'5/26/2010'},{Start:'5/28/2010',End:'5/29/2010'},{Start:'5/30/2010',End:'5/31/2010',Type:'bound',Text:'End'}]"
            />
         <I id="14"
            RUN="[{Start:'5/2/2010',Duration:4,Text:'Fixed boxes'},{Start:'5/7/2010',Duration:2,Type:'fixed',Text:'Fixed'},{Start:'5/10/2010',Duration:3},{Start:'5/14/2010',Duration:2},
            {Start:'5/17/2010',Duration:3,Type:'Left',Text:'Fixed left'},{Start:'5/21/2010',Duration:2},{Start:'5/24/2010',Duration:4,Type:'Right',Text:'Fixed right'},{Start:'5/29/2010',Duration:2}]"
            GANTTGanttRunSave="2"
            />
         <I id="15"
            RUN="[{Start:'5/2/2010',End:'5/5/2010',Text:'Solid boxes'},{Start:'5/8/2010',End:'5/10/2010',Type:'solid',Text:'Solid'},
            {Start:'5/12/2010',End:'5/15/2010',Type:'solid',Text:'Solid'},{Start:'5/17/2010',End:'5/19/2010'},{Start:'5/20/2010',End:'5/21/2010',Type:'solid',Text:'Solid'},
            {Start:'5/24/2010',End:'5/24/2010'},{Start:'5/27/2010',End:'5/30/2010',Type:'solid',Text:'Solid'}]"
            />
         <I id="16"
            RUN="[{Start:'5/2/2010',End:'5/10/2010',Text:'Milestones and zero duration boxes'},{Start:'5/12/2010',Duration:0,Type:'Milestone'},
            {Start:'5/13/2010',Duration:0},{Start:'5/13/2010',Duration:1},{Start:'5/15/2010',Duration:0,Type:'Stop'},{Start:'5/17/2010',Duration:0,Type:'Milestone'},
            {Start:'5/17/2010',Duration:3},{Start:'5/20/2010',Duration:0,Type:'Milestone'},{Start:'5/21/2010',Duration:0},{Start:'5/23/2010',Duration:0,Type:'Milestone'},
            {Start:'5/23/2010',Duration:0,Type:'Milestone'},{Start:'5/23/2010',Duration:0,Type:'Milestone'},{Start:'5/23/2010',Duration:0,Type:'Milestone'},
            {Start:'5/26/2010',Duration:0,Type:'Milestone'},{Start:'5/27/2010',Duration:0,Type:'Milestone'},{Start:'5/29/2010',Duration:0},{Start:'5/29/2010',Duration:0},
            {Start:'5/29/2010',Duration:0},{Start:'6/2/2010',Duration:0,Type:'Stop'}]"
            GANTTOnRightDragGantt="MoveGanttRun"
            />
         <I id="17" GANTTGanttRunAdjustRight="Error"
            RUN="[{Start:'5/2/2010',Duration:7,Text:'Errors - overlaying boxes'},{Start:'5/11/2010',Duration:3,Text:'1.'},{Start:'5/12/2010',Duration:3,Text:'2. Error'},
            {Start:'5/17/2010',Duration:6,Text:'3.'},{Start:'5/18/2010',Duration:3,Text:'4. Error'},{Start:'5/22/2010',Duration:0,Type:'milestone'},
            {Start:'5/24/2010',Duration:0,Type:'milestone'},{Start:'5/27/2010',Duration:5,Text:'5.'},{Start:'5/26/2010',Duration:3,Text:'6. Error'},{Start:'5/31/2010',Duration:3,Text:'7. Error'}]"
            GANTTGanttRunSave="2"
            />
         <I id="18"
            RUN="[{Start:'5/2/2010',End:'5/7/2010',Text:'Boxes with classes'},{Start:'5/8/2010',End:'5/9/2010',Text:'Red',Class:'Red'},
            {Start:'5/10/2010',End:'5/11/2010',Text:'Blue',Class:'Blue'},{Start:'5/12/2010',End:'5/13/2010',Text:'Green',Class:'Green'},
            {Start:'5/15/2010',End:'5/17/2010',Text:'Fuchsia',Class:'Fuchsia'},{Start:'5/18/2010',End:'5/19/2010',Text:'Aqua',Class:'Aqua'},
            {Start:'5/20/2010',End:'5/21/2010',Text:'Lime',Class:'Lime'},{Start:'5/23/2010',End:'5/25/2010',Text:'Maroon',Class:'Maroon'},
            {Start:'5/26/2010',End:'5/27/2010',Text:'Navy',Class:'Navy'},{Start:'5/28/2010',End:'5/29/2010',Text:'Olive',Class:'Olive'},
            {Start:'5/31/2010',End:'6/2/2010',Text:'Custom 1',Class:'Custom1'}]"
            />
         <I id="19"
            RUN="[{Start:'5/2/2010',Duration:6,Text:'Boxes with classes'},{Start:'5/8/2010',Duration:3,Text:'Orange',Class:'Orange'},
            {Start:'5/12/2010',Duration:2,Text:'Purple',Class:'Purple'},{Start:'5/14/2010',Duration:2,Text:'Silver',Class:'Silver'},{Start:'5/17/2010',Duration:2,Text:'Teal',Class:'Teal'},
            {Duration:4,Type:'nbsp',Text:'Yellow (Nbsp)',Class:'Yellow'},{Duration:2,Text:'Black',Class:'Black'},{Start:'5/25/2010',Duration:2,Text:'Gray',Class:'Gray'},
            {Start:'5/27/2010',Duration:2,Text:'White',Class:'White'},{Start:'5/30/2010',Duration:4,Text:'Custom 2',Class:'Custom2'}]"
            GANTTGanttRunSave="2"
            />
         <I id="20"
            RUN="[{Start:'5/2/2010',Duration:7,Text:'Milestones with classes'},{Start:'5/11/2010',Type:'milestone',Class:'Red'},
            {Start:'5/12/2010',Type:'milestone',Class:'Blue'},{Start:'5/13/2010',Type:'milestone',Class:'Green'},{Start:'5/15/2010',Type:'milestone',Class:'Fuchsia'},
            {Start:'5/15/2010',Type:'milestone',Class:'Aqua'},{Start:'5/16/2010',Type:'milestone',Class:'Lime'},{Start:'5/17/2010',Type:'milestone',Class:'Maroon'},
            {Start:'5/18/2010',Type:'milestone',Class:'Orange'},{Start:'5/19/2010',Type:'milestone',Class:'Silver'},
            {Start:'5/20/2010',Type:'milestone',Class:'Yellow'},{Start:'5/21/2010',Type:'milestone',Class:'Black'},{Start:'5/23/2010',Type:'milestone',Text:'Red.gif',Class:'RedHover.gif'},
            {Start:'5/24/2010',Type:'milestone',Text:'Green.gif',Class:'GreenHover.gif'},{Start:'5/26/2010',Type:'milestone',Text:'Yellow.gif',Class:'Red.gif'}]"
            />
         
         <I id="22"
            RUN="[{Start:'5/12/2010',Duration:2,Text:'1'},{Start:'5/20/2010',Duration:3,Text:'2'},{Start:'5/25/2010',Duration:3,Text:'3'},
            {Start:'5/14/2010',Duration:4,Text:'4'},{Start:'5/2/2010',Duration:9,Text:'Boxes defined in random order 5'}]"
            GANTTGanttRunError="Sort" GANTTGanttRunSave="2"
            />
         <I id="23" GANTTGanttRunSave="3" GANTTGanttRunError="sort" GANTTGanttRunAdjust="error"
            RUN="[{Start:'5/2/2010',End:'5/9/2010',Text:'Independent boxes'},{Start:'5/10/2010',End:'5/11/2010',Text:'1'},{Start:'5/13/2010',End:'5/13/2010',Text:'2'},
            {Start:'5/15/2010',End:'5/17/2010',Text:'3'},{Start:'5/17/2010',End:'5/20/2010',Text:'4'},{Start:'5/23/2010',End:'5/26/2010',Text:'5'},{Start:'5/25/2010',End:'5/30/2010',Text:'6'}]"
            />
         <I id="24" GANTTGanttRunSave="7" GANTTGanttRunError="sort" GANTTGanttRunErrorsShift="17" GANTTGanttRunAdjust="error"
            RUN="[{Start:'5/2/2010',End:'5/12/2010',Text:'Overlaid boxes moved to different levels'},{Start:'5/10/2010',End:'5/11/2010',Text:'1'},
            {Start:'5/13/2010',End:'5/13/2010',Text:'2'},{Start:'5/15/2010',End:'5/18/2010',Text:'3'},{Start:'5/16/2010',End:'5/28/2010',Text:'4'},{Start:'5/19/2010',End:'5/22/2010',Text:'5'},
            {Start:'5/22/2010',End:'5/27/2010',Text:'6'},{Start:'5/25/2010',End:'5/27/2010',Text:'7'},{Start:'5/28/2010',End:'5/30/2010',Text:'8'},{Start:'5/31/2010',End:'6/2/2010',Text:'9'}]"
            />
         <I id="25" GANTTGanttRunSave="7" GANTTGanttRunError="sort" GANTTGanttRunErrors="0" GANTTGanttRunAdjust="error"
            RUN="[{Start:'5/2/2010',End:'5/10/2010',Text:'Different height and level boxes'},{Start:'5/4/2010',Type:'Milestone',Top:20,Height:20},
            {Start:'5/6/2010',Type:'Milestone',Text:'Red.gif',Class:'Yellow.gif',Top:30,Height:18},
            {Start:'5/8/2010',End:'5/12/2010',Text:'Left&lt;br>&lt;div style=\'text-align:right;color:red;\'>Right&lt;/div>&lt;div style=\'text-align:center;color:blue;\'>Center&lt;/div>',Top:20,Height:30},
            {Start:'5/14/2010',End:'5/18/2010',Text:'Top'},{Start:'5/15/2010',End:'5/19/2010',Text:'Middle',Class:'Yellow',Top:22},
            {Start:'5/12/2010',End:'5/17/2010',Text:'Bottom',Top:44},{Start:'5/21/2010',Type:'Milestone',Text:'Red.gif',Class:'Yellow.gif',Top:0},
            {Start:'5/21/2010',Type:'Milestone',Text:'Green.gif',Class:'Yellow.gif',Top:20},{Start:'5/21/2010',Type:'Milestone',Top:40},
            {Start:'5/21/2010',Type:'Milestone',Top:53},{Start:'5/23/2010',End:'5/28/2010',Text:'1'},
            {Start:'5/24/2010',End:'5/28/2010',Text:'2',Top:6},{Start:'5/25/2010',End:'5/28/2010',Text:'3',Top:12},
            {Start:'5/26/2010',End:'5/28/2010',Text:'4',Top:18},{Start:'5/27/2010',End:'5/28/2010',Text:'5',Top:24},
            {Start:'5/30/2010',End:'6/2/2010',Text:'normal&lt;div style=\'background:red;color:white;text-align:center;\'>red&lt;/div>&lt;div style=\'background:url(Yellow.gif) no-repeat right center\'>left&lt;/div>bottom',Top:0,Height:40}]"
            />
         <I id="26" GANTTGanttRunLevels="17" GANTTGanttRunTop="1" GANTTGanttRunErrors="0" GANTTGanttRunMove="Move" GANTTGanttRunAdjust="error" Height="70" GANTTGanttRunHtml="*Index* *Text*"
            RUN="[{Start:'5/2/2010',Duration:5,Text:'The run boxes'},{Start:'5/3/2010',Duration:5,Text:'can be created',Top:18},
            {Start:'5/2/2010',Duration:5,Text:'or moved',Top:35},{Start:'5/4/2010',Duration:5,Text:'on these levels',Top:52}]"
            />
         <I id="27" Height="50" GANTTGanttRunSave="7" GANTTGanttRunHeight="37"
            RUN="[{Start:'5/2/2010',End:'5/7/2010',Text:'Custom content'},{Start:'5/9/2010',End:'5/15/2010',Text:'1st text'},
            {Start:'5/21/2010',End:'5/25/2010',Text:'2nd text'},{Start:'5/26/2010',End:'6/1/2010',Text:'3rd text'}]"
            />
      </B>
   </Body>
   <Header id="id"/>
</Grid>