<Grid>
   <Cfg id="ContinuousRunJSON" NoVScroll="1" IdChars="0123456789" NumberId="1"/>
   <Cfg DefaultDate="1/1/2010" MinMidWidth="100"/>
   <Cfg FastGantt="0"/>
   <LeftCols>
      <C Name="id" Type="Int" CanEdit="0" CanSort="0"/>
   </LeftCols>
   <Cols>
      <C Name="START" Type="Date" Format="dddddd" Width="45"/>
      <C Name="RUN" Type="Text" Width="335"/>
   </Cols>
   <RightCols>
      <C Name="GANTT" Type="Gantt"
      GanttDataUnits="d" GanttUnits="d" GanttWidth="18"
      GanttLeft="1" GanttRight="1"
      GanttHeader1="d#%d"
      GanttRun="RUN" GanttRunStart="START"
      GanttRunShowHtml="2"
      GanttRunNewStart="[{Duration:'0.0001',Type:'box'}]"
      />
   </RightCols>
   <Body>
      <B>
         <I id="0"/>
         <I id="1"
            START="05/06/2010"
            RUN="[{Duration:8,Type:'box',Text:'One normal box with tooltip',Tip:'this is the box tip'}]"
            />
         <I id="3"
            START="5/4/2010"
            RUN="[{Duration:8,Text:'Normal boxes with length: %n'},{},{Duration:2,Text:'%n'},{},
            {Duration:4,Text:'%n'},{},{Duration:5,Text:'%n days'},{},{Duration:1,Text:'%n'},{},{Duration:2,Text:'%n'}]"
            GANTTGanttRunFormat=""
            />
         <I id="4"
            START="5/4/2010"
            RUN="[{Duration:8,Text:'Normal boxes with time: %d'},{},{Duration:2,Text:'%d'},{},{Duration:4,Text:'%d'},{},
            {Duration:5,Text:'time %d'},{},{Duration:1,Text:'%d'},{},{Duration:2,Text:'%d'}]"
            GANTTGanttRunFormat="hhh:mm"
            />
         <I id="5"
            START="5/2/2010"
            RUN="[{Duration:8,Text:'Boxes with box side text'},{Duration:3,Type:'empty'},{Duration:3,Text:'inner text',TextLeft:'Left',TextRight:'Right'},{Duration:6,Type:'empty'},
            {Duration:4,Text:'inner text',TextLeft:'Left text'},{Duration:1,Type:'empty'},{Duration:4,Text:'inner text',TextRight:'Right text'}]"
            />
         <I id="6"  GANTTGanttRunHtmlLeft="*Start*" GANTTGanttRunHtmlLeftEdge="1" GANTTGanttRunHtmlDateFormat="M/d" GANTTGanttRunHtmlRight="*4**Duration* days" GANTTGanttRunHtmlRightEdge="4"
            START="5/3/2010"
            RUN="[{Duration:8,Tip:'Boxes with side text - '},{Duration:2,Type:'empty'},{Duration:3},{Duration:3,Type:'empty'},
            {Duration:4},{Duration:3,Type:'empty'},{Duration:3},{Duration:3,Type:'empty'},{Type:'milestone'}]"
            />
         <I id="7"
            START="5/2/2010"
            RUN="[{Duration:6,Text:'Not adjacent boxes'},{Duration:2,Type:'empty'},{Duration:3},{Duration:1,Type:'empty'},{Duration:4},{Duration:1,Type:'empty'},
            {Duration:3},{},{Duration:2},{Duration:2,Type:'empty'},{Duration:1},{Duration:2,Type:'empty'},{Duration:4}]"
            />
         <I id="8"
            START="5/5/2010"
            RUN="[{Duration:6,Text:'Joined boxes'},{Duration:3},{Duration:4},{},{Duration:5,Text:'Next'},{Duration:2},{Duration:3},{Duration:4}]"
            />
         <I id="9"
            START="5/2/2010"
            RUN="[{Duration:7,Text:'Joined boxes with spaces'},{Duration:2,Type:'nbsp'},{Duration:3},{Duration:1,Type:'nbsp'},
            {Duration:4},{Duration:1,Type:'empty'},{Duration:5,Text:'Next'},{Duration:2},{Duration:3,Type:'nbsp',Text:'Empty'},{Duration:3}]"
            />
         <I id="10"
            START="5/6/2010"
            RUN="[{Duration:2,Type:'end',Text:'Start'},{},{Duration:6,Type:'Box',Text:'Task with start'},
            {Duration:3},{},{Duration:2},{Duration:2,Type:'empty'},{Duration:2},{Duration:7,Type:'empty'},{Duration:2}]"
            GANTTGanttRunNewStart="[{Duration:2,Type:'end',Text:'Start'},{},{Duration:'0.0001',Type:'box'}]"
            />
         <I id="11"
            START="5/6/2010"
            RUN="[{Duration:6,Type:'Box',Text:'Task with end'},{Duration:3},{},{Duration:2},{Duration:4,Type:'empty'},
            {Duration:2},{Duration:5,Type:'empty'},{Duration:2},{},{Duration:2,Type:'end',Text:'End'}]"
            GANTTGanttRunNewStart="[{Duration:'0.0001',Type:'box'},{},{Duration:2,Type:'end',Text:'End'}]"
            />
         <I id="12"
            START="5/6/2010"
            RUN="[{Duration:2,Type:'end',Text:'Start'},{},{Duration:6,Type:'Box',Text:'Task with both'},{Duration:'3'},{},
            {Duration:2},{Duration:6,Type:'empty'},{Duration:2},{Duration:3,Type:'empty'},{Duration:2},{},{Duration:2,Type:'end',Text:'End'}]"
            GANTTGanttRunNewStart="[{Duration:2,Type:'end',Text:'Start'},{},{Duration:'0.0001',Type:'box'},{},{Duration:2,Type:end',Text:'End'}]"
            />
         <I id="13"
            START="5/6/2010"
            RUN="[{Duration:2,Type:'bound',Text:'Start'},{},{Duration:9,Type:'Box',Text:'Task with fixed start and end'},{},{Duration:2},
            {Duration:8,Type:'empty'},{Duration:2},{Duration:1,Type:'empty'},{Duration:2},{},{Duration:2,Type:'bound',Text:'End'}]"
            />
         <I id="14"
            START="5/2/2010"
            RUN="[{Duration:4,Text:'Fixed boxes'},{Duration:1,Type:'empty'},{Duration:2,Type:'fixed',Text:'Fixed'},{Duration:1,Type:'empty'},{Duration:3},
            {Duration:1,Type:'empty'},{Duration:2},{Duration:1,Type:'empty'},{Duration:3,Type:'Left',Text:'Fixed left'},{Duration:1,Type:'empty'},
            {Duration:2},{Duration:1,Type:'empty'},{Duration:4,Type:'Right',Text:'Fixed right'},{Duration:1,Type:'empty'},{Duration:2}]"
            />
         <I id="15"
            START="5/2/2010"
            RUN="[{Duration:4,Text:'Solid boxes'},{Duration:2,Type:'empty'},{Duration:3,Type:'solid',Text:'Solid'},{Duration:1,Type:'empty'},
            {Duration:4,Type:'solid',Text:'Solid'},{Duration:1,Type:'empty'},{Duration:3},{},{Duration:2,Type:'solid',Text:'Solid'},
            {Duration:2,Type:'empty'},{Duration:1},{Duration:2,Type:'empty'},{Duration:4,Type:'solid',Text:'Solid'}]"
            />
         <I id="16"
            START="5/2/2010"
            RUN="[{Duration:9,Text:'Milestones and zero duration boxes'},{Duration:1,Type:'empty'},{Type:'Milestone'},{Duration:1,Type:'empty'},
            {Type:'box'},{},{Duration:1},{Duration:1,Type:'empty'},{Type:'Stop'},{Duration:2,Type:'empty'},{Type:'Milestone'},{},
            {Duration:3},{},{Type:'Milestone'},{Duration:1,Type:'empty'},{Duration:0,Type:'Box'},{Duration:2,Type:'empty'},{Type:'Milestone'},{},
            {Type:'Milestone'},{Type:'Milestone'},{Type:'Milestone'},{Duration:3,Type:'empty'},
            {Type:'Milestone'},{Duration:1,Type:'empty'},{Type:'Milestone'},{Duration:2,Type:'empty'},{Type:'Box'},{},{Type:'Box'},{},
            {Type:'Box'},{Duration:4,Type:'empty'},{Type:'Stop'}]"
            GANTTOnRightDragGantt="MoveGanttRun"
            />
         <I id="17" GANTTGanttRunAdjustRight="Error"
            START="5/2/2010"
            RUN="[{Duration:7,Text:'Errors - overlaying boxes'},{Duration:2,Type:'empty'},{Duration:3,Text:'1.'},{Duration:-2,Type:'empty'},{Duration:3,Text:'2. Error'},
            {Duration:2,Type:'empty'},{Duration:6,Text:'3.'},{Duration:-5,Type:'empty'},{Duration:3,Text:'4. Error'},{Duration:1,Type:'empty'},{Type:'milestone'},
            {Duration:2,Type:'empty'},{Type:'milestone'},{Duration:3,Type:'empty'},{Duration:5,Text:'5.'},{Duration:-6,Type:'empty'},{Duration:3,Text:'6. Error'},
            {Duration:2,Type:'empty'},{Duration:3,Text:'7. Error'}]"
            />
         <I id="18"
            START="5/2/2010"
            RUN="[{Duration:6,Text:'Boxes with classes'},{},{Duration:2,Text:'Red',Class:'Red'},{},
            {Duration:2,Text:'Blue',Class:'Blue'},{},{Duration:2,Text:'Green',Class:'Green'},{Duration:1,Type:'empty'},
            {Duration:3,Text:'Fuchsia',Class:'Fuchsia'},{},{Duration:2,Text:'Aqua',Class:'Aqua'},{},
            {Duration:2,Text:'Lime',Class:'Lime'},{Duration:1,Type:'empty'},{Duration:3,Text:'Maroon',Class:'Maroon'},{},
            {Duration:2,Text:'Navy',Class:'Navy'},{},{Duration:2,Text:'Olive',Class:'Olive'},{Duration:1,Type:'empty'},
            {Duration:3,Text:'Custom 1',Class:'Custom1'}]"
            />
         <I id="19"
            START="5/2/2010"
            RUN="[{Duration:6,Text:'Boxes with classes'},{},{Duration:3,Text:'Orange',Class:'Orange'},{Duration:1,Type:'empty'},
            {Duration:2,Text:'Purple',Class:'Purple'},{},{Duration:2,Text:'Silver',Class:'Silver'},{Duration:1,Type:'empty'},{Duration:2,Text:'Teal',Class:'Teal'},
            {Duration:4,Type:'nbsp',Text:'Yellow (Nbsp)',Class:'Yellow'},{Duration:2,Text:'Black',Class:'Black'},{},{Duration:2,Text:'Gray',Class:'Gray'},{},
            {Duration:2,Text:'White',Class:'White'},{Duration:1,Type:'empty'},{Duration:4,Text:'Custom 2',Class:'Custom2'}]"
            />
         <I id="20"
            START="5/2/2010"
            RUN="[{Duration:7,Text:'Milestones with classes'},{Duration:2,Type:'empty'},{Type:'milestone',Class:'Red'},{Duration:1,Type:'empty'},
            {Type:'milestone',Class:'Blue'},{Duration:1,Type:'empty'},{Type:'milestone',Class:'Green'},{Duration:2,Type:'empty'},{Type:'milestone',Class:'Fuchsia'},{},
            {Type:'milestone',Class:'Aqua'},{Duration:1,Type:'empty'},{Type:'milestone',Class:'Lime'},{Duration:1,Type:'empty'},{Type:'milestone',Class:'Maroon'},
            {Duration:1,Type:'empty'},{Type:'milestone',Class:'Orange'},{Duration:1,Type:'empty'},{Type:'milestone',Class:'Silver'},{Duration:1,Type:'empty'},
            {Type:'milestone',Class:'Yellow'},{Duration:1,Type:'empty'},{Type:'milestone',Class:'Black'},{Duration:2,Type:'empty'},{Type:'milestone',Text:'Red.gif',Class:'RedHover.gif'},
            {Duration:1,Type:'empty'},{Type:'milestone',Text:'Green.gif',Class:'GreenHover.gif'},{Duration:2,Type:'empty'},{Type:'milestone',Text:'Yellow.gif',Class:'Red.gif'}]"
            />
         <I id="22"
            START="5/12/2010"
            RUN="[{Duration:2,Text:'1'},{Duration:6,Type:'empty'},{Duration:3,Text:'2'},{Duration:2,Type:'empty'},{Duration:3,Text:'3'},
            {Duration:-14,Type:'empty'},{Duration:4,Text:'4'},{Duration:-16,Type:'empty'},{Duration:9,Text:'Boxes defined in random order 5'}]"
            GANTTGanttRunError="Sort"
            />
         <I id="23" GANTTGanttRunError="sort" GANTTGanttRunAdjust="error"
            START="5/2/2010"
            RUN="[{Duration:8,Text:'Independent boxes'},{},{Duration:2,Text:'1'},{},{Duration:1,Text:'2'},{Duration:1,Type:'empty'},
            {Duration:3,Text:'3'},{Duration:-1,Type:'empty'},{Duration:4,Text:'4'},{Duration:2,Type:'empty'},{Duration:5,Text:'5'},{Duration:-2,Type:'empty'},{Duration:6,Text:'6'}]"
            />
         <I id="24" GANTTGanttRunError="sort" GANTTGanttRunErrorsShift="17" GANTTGanttRunAdjust="error"
            START="5/2/2010"
            RUN="[{Duration:11,Text:'Overlaid boxes moved to different levels'},{Duration:-3,Type:'empty'},{Duration:2,Text:'1'},{Duration:1,Type:'empty'},
            {Duration:1,Text:'2'},{Duration:1,Type:'empty'},{Duration:4,Text:'3'},{Duration:-3,Type:'empty'},{Duration:13,Text:'4'},{Duration:-10,Type:'empty'},{Duration:4,Text:'5'},
            {Duration:-1,Type:'empty'},{Duration:6,Text:'6'},{Duration:-3,Type:'empty'},{Duration:3,Text:'7'},{},
            {Duration:3,Text:'8'},{},{Duration:3,Text:'9'}]"
            />
         <I id="25" GANTTGanttRunError="sort" GANTTGanttRunErrors="0" GANTTGanttRunAdjust="error"
            START="5/2/2010"
            RUN="[{Duration:9,Text:'Different height and level boxes'},{Duration:-7,Type:'empty'},{Type:'Milestone',Top:20,Height:20},{Duration:2,Type:'empty'},
            {Type:'Milestone',Text:'Red.gif',Class:'Yellow.gif',Top:30,Height:18},{Duration:2,Type:'empty'},
            {Duration:5,Text:'Left&lt;br>&lt;div style=\'text-align:right;color:red;\'>Right&lt;/div>&lt;div style=\'text-align:center;color:blue;\'>Center&lt;/div>',Top:20,Height:30},{Duration:1,Type:'empty'},
            {Duration:5,Text:'Top'},{Duration:-4,Type:'empty'},{Duration:5,Text:'Middle',Class:'Yellow',Top:22},{Duration:-8,Type:'empty'},
            {Duration:6,Text:'Bottom',Top:44},{Duration:3,Type:'empty'},{Type:'Milestone',Text:'Red.gif',Class:'Yellow.gif',Top:0},{},
            {Type:'Milestone',Text:'Green.gif',Class:'Yellow.gif',Top:20},{},{Type:'Milestone',Top:40},{},
            {Type:'Milestone',Top:53},{Duration:2,Type:'empty'},{Duration:6,Text:'1'},{Duration:-5,Type:'empty'},
            {Duration:5,Text:'2',Top:6},{Duration:-4,Type:'empty'},{Duration:4,Text:'3',Top:12},{Duration:-3,Type:'empty'},
            {Duration:3,Text:'4',Top:18},{Duration:-2,Type:'empty'},{Duration:2,Text:'5',Top:24},{Duration:1,Type:'empty'},
            {Duration:4,Text:'normal&lt;div style=\'background:red;color:white;text-align:center;\'>red&lt;/div>&lt;div style=\'background:url(Yellow.gif) no-repeat right center\'>left&lt;/div>bottom',Top:0,Height:40}]"
            />
         <I id="26" GANTTGanttRunLevels="17" GANTTGanttRunTop="1" GANTTGanttRunErrors="0" GANTTGanttRunMove="Move" GANTTGanttRunAdjust="error" Height="70" GANTTGanttRunHtml="*Index* *Text*"
            START="5/2/2010"
            RUN="[{Duration:5,Text:'The run boxes'},{Duration:-4,Type:'empty'},{Duration:5,Text:'can be created',Top:18},{Duration:-6,Type:'empty'},
            {Duration:5,Text:'or moved',Top:35},{Duration:-4,Type:'empty'},{Duration:5,Text:'on these levels',Top:52}]"
            />
         <I id="27" Height="50" GANTTGanttRunHeight="37"
            START="5/2/2010"
            RUN="[{Duration:6,Text:'Custom content'},{Duration:1,Type:'empty'},{Duration:7,Text:'1st text'},{Duration:5,Type:'empty'},
            {Duration:5,Text:'2nd text'},{},{Duration:6,Text:'3rd text'}]"
            />
      </B>
   </Body>
   <Header id="id"/>
</Grid>