<Grid>
   <Cfg id="RunData" NoVScroll="1" IdChars="0123456789" NumberId="1" FullId="1" Undo="1"/>
   <Cfg MainCol="TEXT" MinMidWidth="250"/>
   <Cfg DefaultDate="1/1/2010"/>
   <LeftCols>
      <C Name="id" Type="Text" CanEdit="0" CanSort="0" Width="30"/>
      <C Name="TEXT" Type="Text" Width="100"/>
   </LeftCols>
   <Cols>
      <C Name="START" Type="Date"/>
      <C Name="END" Type="Date"/>
      <C Name="DUR" Type="Float" CanEmpty="1"/>
      <C Name="COMP" Type="Float" Format="0"/>
      <C Name="TIP" Type="Text"/>
      <C Name="CLASS" Type="Select" Defaults="||Aqua|Black|Blue|Fuchsia|Gray|Green|Lime|Maroon|Navy|Olive|Orange|Purple|Red|Silver|Teal|White|Yellow"/>
      <C Name="TYPE" Type="Select" Defaults="||Box|Solid|Left|Right|Fixed"/>
      <C Name="RUN" Type="Text" Visible="0"/>
   </Cols>
   <RightCols>
      <C Name="GANTT" Type="Gantt"
         GanttDataUnits="d" GanttUnits="d" GanttLastUnit="d" GanttWidth="16"
         GanttStart="START" GanttEnd="END" GanttDuration="DUR" GanttComplete="COMP" GanttText="TEXT"
         GanttRunTypes="Box,Box;Box 1,Box,,Fuchsia;Box 2,Box,,Aqua;Box 3,Box,,Lime;Box 4,Box,,Orange;Solid box,Solid,, ;Solid box 1,Solid,,Gray;Solid box 2,Solid,,Black;Fixed left box,Left,, ;Fixed right box,Right,, ;Fixed box,Fixed,, "
         GanttLeft="1" GanttRight="1"
         GanttHeader1="d#%d"
         GanttTask="Main,Run"
         />
   </RightCols>
   <Def>
      <D Name="Run" Expanded="0"/>
      <D Name="Run" Calculated="1" CalcOrder="RUN,START,END,DUR,COMP"/>
      <D Name="Run" RUNFormula="ganttrunsum()"/>
      <D Name="Run" GANTTGanttSummary="2" GANTTGanttSummaryCols=",,,TYPE,TEXT,CLASS,TIP"/>
      <D Name="Run" GANTTGanttRun="RUN" GANTTGanttStart="" GANTTGanttEnd="" GANTTGanttDuration="" />
      <D Name="Run" GANTTGanttRunStart="START" GANTTGanttRunEnd="END" GANTTGanttRunDuration="DUR" GANTTGanttRunComplete="COMP"/>
      <D Name="Run" STARTFormula="ganttrunstart()" STARTCanEdit="1"/>
      <D Name="Run" ENDFormula="ganttrunend()" ENDCanEdit="1"/>
      <D Name="Run" DURFormula="ganttrunduration()" DURCanEdit="1"/>
      <D Name="Run" COMPFormula="ganttpercent()" COMPCanEdit="1"/>
      <D Name="Run" GANTTGanttRunMoveRight="Move"/>
      <D Name="Run" TIPCanEdit="0" CLASSVisible="-1" TYPEVisible="-1"/>
   </Def>
   <Body>
      <B>
         <I id="1" TEXT="Task 1" Def="Run">
            <I id="1" START="1/1/2010" END="1/3/2010" TEXT="Box 1" COMP="100" TIP="Tip 1" TYPE="Solid"/>
            <I id="2" START="1/4/2010" END="1/5/2010" TEXT="Box 2" COMP="50" TIP="Tip 2" CLASS="Red"/>
            <I id="3" START="1/6/2010" END="1/9/2010" TEXT="Box 3" TIP="Tip 3"/>
            <I id="4" START="1/10/2010" END="1/12/2010" TEXT="Box 4" TIP="Tip 4"/>
         </I>
         <I id="2" TEXT="Task 2" Def="Run">
            <I id="5" START="1/2/2010" END="1/3/2010" TEXT="Box 1" COMP="100" CLASS="Gray"/>
            <I id="6" START="1/4/2010" END="1/6/2010" TEXT="Box 2" COMP="100" TYPE="Fixed"/>
            <I id="7" START="1/9/2010" END="1/9/2010" TEXT="Box 3"/>
            <I id="8" START="1/11/2010" END="1/12/2010" TEXT="Box 4" TIP="Tip 8" CLASS="Yellow"/>
         </I>
         <I id="3" TEXT="Task 3" Def="Run">
            <I id="9" START="1/1/2010" END="1/12/2010" TEXT="Box X" COMP="50" TIP="Tip 9"/>
         </I>

      </B>
   </Body>
   <Header id="id" COMP="%"/>
   <Toolbar Cells="Save,Reload,Print,Undo,Redo,Add,ExpandAll,CollapseAll,ZoomFit,Columns,Cfg,Hide,StyleTitle,StyleCombo" Styles="2"
      HideType="Bool" HideLabelRight="Hide source tasks" HideOnChange="if(Value) Grid.CollapseAll(); else Grid.ExpandAll(); Grid.ChangeMainCol(Value?'':'TEXT');" HideCanFocus="0"
   />
</Grid>