<Grid>
   <Cfg id="RunTree" NoVScroll="1" IdChars="0123456789" NumberId="1" FullId="1" Undo="1"/>
   <Cfg MainCol="TEXT"/>
   <Cfg DefaultDate="1/1/2010"/>
   <LeftCols>
      <C Name="id" Type="Text" CanEdit="0" CanSort="0" Width="30"/>
      <C Name="TEXT" Type="Text" Width="140"/>
      <C Name="START" Type="Date"/>
      <C Name="END" Type="Date"/>
      <C Name="DUR" Type="Float" CanEmpty="1"/>
      <C Name="TIP" Type="Text" Visible="0"/>
      <C Name="CLASS" Type="Text" Visible="0"/>
      <C Name="TYPE" Type="Text" Visible="0"/>
      <C Name="RUN" Type="Text" Visible="0"/>
   </LeftCols>
   <Root CDef="Run"/>
   <Def>
      <D Name="Run" CDef="Run" GANTTGanttSummaryCDef="Data"/>
      <D Name="Run" Calculated="1" CalcOrder="RUN,START,END,DUR"/>
      <D Name="Run" RUNFormula="ganttrunsum()" RUNUndo="0"/>
      <D Name="Run" GANTTGanttSummary="2" GANTTGanttSummaryCols="START,END,,TYPE,TEXT,CLASS,TIP"/>
      <D Name="Run" GANTTGanttRun="RUN"/>
      <D Name="Run" GANTTGanttRunStart="START" GANTTGanttRunEnd="END" GANTTGanttRunDuration="DUR"/>
      <D Name="Run" STARTFormula="ganttrunstart()" STARTCanEdit="1"/>
      <D Name="Run" ENDFormula="ganttrunend()" ENDCanEdit="1"/>
      <D Name="Run" DURFormula="ganttrunduration()" DURCanEdit="1"/>
      <D Name="Run" GANTTGanttRunMoveRight="Move"/>

      <D Name="Data" Visible="0"/>
   </Def>
   
   <Cols>
      <C Name="GANTT" Type="Gantt"
         GanttDataUnits="d" GanttUnits="d" GanttLastUnit="d" GanttWidth="16"
         GanttRunTypes="Box,Box;Box 1,Box,,Fuchsia;Box 2,Box,,Aqua;Box 3,Box,,Lime;Box 4,Box,,Orange;Solid box,Solid,, ;Solid box 1,Solid,,Gray;Solid box 2,Solid,,Black;Fixed left box,Left,, ;Fixed right box,Right,, ;Fixed box,Fixed,, "
         GanttLeft="1" GanttRight="1"
         GanttHeader1="d#%d"
         GanttTask="Run"
         />
   </Cols>
   <Body>
      <B>
         <I id="1" TEXT="Task 1">
            <I Def="Data" id="D1" START="1/1/2010" END="1/3/2010" TEXT="Box 1" TIP="Tip 1" TYPE="Solid"/>
            <I Def="Data" id="D2" START="1/4/2010" END="1/5/2010" TEXT="Box 2" TIP="Tip 2" CLASS="Red"/>
            <I Def="Data" id="D3" START="1/6/2010" END="1/9/2010" TEXT="Box 3" TIP="Tip 3"/>
            <I Def="Data" id="D4" START="1/10/2010" END="1/12/2010" TEXT="Box 4" TIP="Tip 4"/>
            <I id="1" TEXT="Task 1-1">
               <I Def="Data" id="D1" START="1/2/2010" END="1/3/2010" TEXT="Box 1" CLASS="Gray"/>
               <I Def="Data" id="D2" START="1/4/2010" END="1/6/2010" TEXT="Box 2" TYPE="Fixed"/>
               <I Def="Data" id="D3" START="1/9/2010" END="1/9/2010" TEXT="Box 3"/>
               <I Def="Data" id="D4" START="1/11/2010" END="1/12/2010" TEXT="Box 4" TIP="Tip 8" CLASS="Yellow"/>
               <I id="1" TEXT="Task 1-1-1">
                  <I Def="Data" id="D1" START="1/1/2010" END="1/12/2010" TEXT="Box ;., X" TIP="Tip 9"/>
               </I>
            </I>
         </I>
         <I id="2" TEXT="Task 2">
            <I Def="Data" id="D1" START="1/1/2010" END="1/3/2010" TEXT="Box 1" TIP="Tip 1"/>
            <I Def="Data" id="D2" START="1/7/2010" END="1/12/2010" TEXT="Box 2" TIP="Tip 2"/>
            <I id="1" TEXT="Task 2-1">
               <I Def="Data" id="D1" START="1/9/2010" TEXT="Milestone"/>
            </I>
         </I>
      </B>
   </Body>
   <Header id="id"/>
   <Toolbar Styles="2"/>
</Grid>