<Grid>
   <Cfg id="RunDrag2" NoVScroll="1" IdChars="0123456789" NumberId="1" Undo="1"/>
   <Cfg DefaultDate="1/1/2010" MinLeftWidth="20"/>
   <Cfg FastGantt="1"/>
   <Panel Visible="0"/>
   <Cols>
      <C Name="id" Type="Int" CanEdit="0" CanSort="0"/>
      <C Name="RUN" Type="Text" Width="260"/>
   </Cols>
   <RightCols>
      <C Name="GANTT" Type="Gantt" 
         GanttDataUnits="d" GanttUnits="d" GanttWidth="18"
         GanttLeft="1" GanttRight="1"
         GanttHeader1="d#%d"
         GanttRun="RUN"
         GanttResizeDelete="1"
         GanttRunSelect="4"
         />
   </RightCols>
   <Body>
      <B>
         <I id="0"/>
         <I id="1"
            RUN="12/28/2009,3,box,Selected,,,,,selected;1/1/2010,2,box,One;01/04/2010,1,box,,,,,,selected;01/06/2010,3,solid,,,,,,selected;01/10/2010,3,fixed;01/14/2010,3,left;01/18/2010,3,right;01/22/2010,2;2;01/27/2010,0,milestone;01/28/2010,0,stop;01/29/2010,2;3,right;02/04/2010,1,solid;1"
            GANTTGanttRunMove="Move,All,Selected,Clear"
            />
         <I id="2"
            RUN="12/28/2009,3,,Group A,,,,A;1,;2,,A,,,,A;1,;1,,B,,,,B;1,;3,,C,,,,C;1,;2,,B,,,,B;1,;1,,A,,,,A;2,,C,,,,C;1,;2,,D,,,,D;1,;2,,A,,,,A;1,;1,,D,,,,D;1,;3,,B,,,,B;1,;2,,B,,,,B;2,,A,,,,A;1,;0,milestone,,,,,A;1,;2,,A,,,,A;"
            GANTTGanttRunMove="Copy,Group,Selected,Clear"
            />
         <I id="3"
            RUN="12/28/2009,5,,Entire Group A,,,,A;1,;1,;1,,B,,,,B;1,;3,,C,,,,C;1,;2,,B,,,,B;1,;1,,A,,,,A;2,,C,,,,C;1,;2,,D,,,,D;1,;2,,A,,,,A;1,;1,,D,,,,D;1,;3,,B,,,,B;1,;2,,B,,,,B;2,,A,,,,A;1,;0,milestone,,,,,A;1,;2,,A,,,,A;"
            GANTTGanttRunMove="Copy,Entire,Group,Selected,Clear"
            />
         <I id="4"
            GANTTGanttRunNewStart="2,End,Start;;1,Box,First new box;;2,End,End" GANTTGanttRunNew="1,Box,Next new box"
            RUNEmptyValue="Create new" GANTTGanttRunMove="Copy"
            />
      </B>
   </Body>
   <Header id="id"/>
</Grid>