<Grid>
   <Cfg id="RunDrag" NoVScroll="1" IdChars="0123456789" NumberId="1" Undo="1"/>
   <Cfg DefaultDate="1/1/2010" MinLeftWidth="20"/>
   <Cfg FastGantt="1"/>
   <Panel Visible="0"/>
   <Cols>
      <C Name="id" Type="Int" CanEdit="0" CanSort="0"/>
      <C Name="RUN" Type="Text" Width="260"/>
   </Cols>
   <RightCols>
      <C Name="GANTT" Type="Gantt" 
         GanttDataUnits="d" GanttUnits="d" GanttWidth="18"
         GanttLeft="6" GanttRight="1"
         GanttHeader1="d#%d"
         GanttRun="RUN"
         GanttResizeDelete="1"
         />
   </RightCols>
   <Body>
      <B>
         <I id="0"/>
         <I id="1"
            RUN="12/28/2009,2,bound;01/02/2010,6,box,Slide - Shift,,Preserves spaces between other boxes;01/15/2010,3,,A;01/18/2010,2,,B;01/22/2010,2,,C;3,,D;1,nbsp,E;1,,F;01/29/2010,2,,G;02/04/2010,2,fixed"
            GANTTGanttRunAdjust="Shift"
            />
         <I id="2"
            RUN="12/28/2009,2,bound;01/02/2010,6,box,Slide - Shrink,,Shrinks all spaces between boxes;01/15/2010,3,,A;01/18/2010,2,,B;01/22/2010,2,,C;3,,D;1,nbsp,E;1,,F;01/29/2010,2,,G;02/04/2010,2,fixed"
            GANTTGanttRunAdjust="Shrink"
            />
         <I id="3"
            RUN="12/28/2009,2,bound;01/02/2010,6,box,Slide - Shrink + Nbsp,,Shrinks all spaces between boxes&lt;br>Resizes also Nbsp boxes (the E);01/15/2010,3,,A;01/18/2010,2,,B;01/22/2010,2,,C;3,,D;1,nbsp,E;1,,F;01/29/2010,2,,G;02/04/2010,2,fixed"
            GANTTGanttRunAdjust="Shrink,Nbsp"
            />
         <I id="4"
            RUN="12/28/2009,2,bound;01/02/2010,6,box,Slide - Slip,,Preserves all spaces between boxes - moves all the boxes;01/15/2010,3,,A;01/18/2010,2,,B;01/22/2010,2,,C;3,,D;1,nbsp,E;1,,F;01/29/2010,2,,G;02/04/2010,2,fixed"
            GANTTGanttRunAdjust="Slip"
            />
         <I id="5"
            RUN="12/28/2009,2,bound;01/02/2010,6,box,Slide - none,,Moves box only within its surrounding empty space;01/15/2010,3,,A;01/18/2010,2,,B;01/22/2010,2,,C;3,,D;1,nbsp,E;1,,F;01/29/2010,2,,G;02/04/2010,2,fixed"
            GANTTGanttRunAdjust=""
            />
         <I id="6"
            RUN="12/28/2009,2,bound;01/02/2010,6,box,Slide - Error,,Moves box freely;01/15/2010,3,,A;01/18/2010,2,,B;01/22/2010,2,,C;3,,D;1,nbsp,E;1,,F;01/29/2010,2,,G;02/04/2010,2,fixed"
            GANTTGanttRunAdjust="Error" GANTTGanttRunError="Sort"
            />
         <I id="7"
            RUN="12/28/2009,2,bound;01/02/2010,6,box,Slide - Shrink + Error,,Shrinks all spaces between boxes&lt;br>or if impossible to shrink moves box freely;01/15/2010,3,,A;01/18/2010,2,,B;01/22/2010,2,,C;3,,D;1,nbsp,E;1,,F;01/29/2010,2,,G;02/04/2010,2,fixed"
            GANTTGanttRunAdjust="Shrink,Error" GANTTGanttRunError="Sort"
            />
         <I id="8"
            RUN="12/28/2009,2,bound;01/02/2010,6,box,Slide - Error + Nbsp,,Moves box freely&lt;br>Resizes also Nbsp boxes (the E);01/15/2010,3,,A;01/18/2010,2,,B;01/22/2010,2,,C;3,,D;1,nbsp,E;1,,F;01/29/2010,2,,G;02/04/2010,2,fixed"
            GANTTGanttRunAdjust="Error,Nbsp" GANTTGanttRunError="Sort"
            />
         <I id="9"
            RUN="12/28/2009,2,bound;01/02/2010,6,box,Slide - Error + Merge,,Moves box freely and merges the overflowed ones;01/09/2010,0,milestone;01/11/2010,3,fixed,no merge;01/15/2010,3,,A;01/18/2010,2,,B;01/22/2010,2,,C;3,,D;1,nbsp,E;1,,F;01/29/2010,2,,G;02/04/2010,2,bound"
            GANTTGanttRunAdjust="Error" GANTTGanttRunError="Sort,Merge"
            />
         <I id="10"
            RUN=";*12/28/2009*2*bound;01/02/2010*11*box*Slide - none, +Ctrl = Slip, +Shift = Error**Combines the three methods&lt;br>Normally moves box only within its surrounding empty space&lt;br>With held Ctrl moves the whole row&lt;br>Width held Shift moves box freely;01/15/2010*3**A;01/18/2010*2**B;01/22/2010*2**C;3**D;1*nbsp*E;1**F;01/29/2010*2**G;02/04/2010*2*fixed"
            GANTTGanttRunAdjust="" GANTTGanttRunAdjustCtrl="Slip" GANTTGanttRunAdjustShift="Error" GANTTGanttRunError="Sort"
            />
         <I id="11"
            RUN="12/28/2009,2,bound;01/02/2010,6,box,Move - Shift,,Moves box inside or outside the row&lt;br/>in this row it places the box exactly to the position specified&lt;br/> and preserves all spaces between other boxes;01/15/2010,3,,A;01/18/2010,2,,B;01/22/2010,2,,C;3,,D;1,nbsp,E;1,,F;01/29/2010,2,,G;02/04/2010,2,fixed"
            GANTTGanttRunMove="Move" GANTTGanttRunAdjust="Shift"
            />
         <I id="12"
            RUN="12/28/2009,2,bound;01/02/2010,6,box,Move - Shrink + Move,,Moves box inside or outside the row&lt;br/>in this row it moves the boxes if required&lt;br/> and also shrinks all spaces between other boxes if required;01/15/2010,3,,A;01/18/2010,2,,B;01/22/2010,2,,C;3,,D;1,nbsp,E;1,,F;01/29/2010,2,,G;02/04/2010,2,fixed"
            GANTTGanttRunMove="Move" GANTTGanttRunAdjust="Shrink,Move"
            />
         <I id="13"
            RUN="12/28/2009,2,bound;01/02/2010,9,box,Move - Shrink + Move + Between,,Moves box inside or outside the row&lt;br/>in this row it moves the boxes if required&lt;br/> and also it shrinks all spaces between other boxes if required&lt;br> and if placed on box drops near to the box edge;01/15/2010,3,,A;01/18/2010,2,,B;01/22/2010,2,,C;3,,D;1,nbsp,E;1,,F;01/29/2010,2,,G;02/04/2010,2,fixed"
            GANTTGanttRunMove="Move" GANTTGanttRunAdjust="Shrink,Move,Between"
            />

         <I id="14"
            RUN="12/28/2009,2,bound;01/02/2010,6,box,Move - none + Resize,,Moves box inside or outside the row&lt;br/>in this row it resizes the boxes if required&lt;br/> it preserves position of all other boxes;01/15/2010,3,,A;01/18/2010,2,,B;01/22/2010,2,,C;3,,D;1,nbsp,E;1,,F;01/29/2010,2,,G;02/04/2010,2,fixed"
            GANTTGanttRunMove="Move" GANTTGanttRunAdjust="Resize"
            />
         <I id="15"
            RUN="12/28/2009,2,bound;01/02/2010,9,box,Move - Append + Shift + Move,,Moves box inside or outside the row&lt;br/>in this row it appends and joins the box if moved to edge of another box&lt;br/> and moves the box if required and preserves spaces between other boxes&lt;br/>Dragging with right button splits the boxes and always moves only one box;01/15/2010,3,,A;01/18/2010,2,,B;01/22/2010,2,,C;3,,D;1,nbsp,E;1,,F;01/29/2010,2,,G;02/04/2010,2,fixed"
            GANTTGanttRunMove="Move" GANTTGanttRunAdjust="Append,Move,Shift" GANTTGanttRunMoveRight="Move,Single"
            />
         <I id="16"
            RUN="12/28/2009,2,bound;01/02/2010,11,box,Move Single - Append + Shrink + Move,,Moves always single box inside or outside the row&lt;br/>in this row it appends and joins the box if moved to edge of another box&lt;br/> and moves the box if required and shrink spaces between other boxes if required;01/15/2010,3,,A;01/18/2010,2,,B;01/22/2010,2,,C;3,,D;1,nbsp,E;1,,F;01/29/2010,2,,G;02/04/2010,2,fixed"
            GANTTGanttRunMove="Move,Single" GANTTGanttRunAdjust="Append,Move,Shrink"
            />
         <I id="17"
            RUN="12/28/2009,2,bound;01/02/2010,6,box,Copy - Shrink + Move,,Copies box inside or outside the row&lt;br/>in this row it moves the box if required and shrink spaces between other boxes if required;01/15/2010,3,,A;01/18/2010,2,,B;01/22/2010,2,,C;3,,D;1,nbsp,E;1,,F;01/29/2010,2,,G;02/04/2010,2,fixed"
            GANTTGanttRunMove="Copy" GANTTGanttRunAdjust="Move,Shrink"
            />
         <I id="18"
            RUN="01/02/2010,6,box,Copy - Entire,,Copies all boxes together;01/15/2010,3,,A;01/18/2010,2,,B"
            GANTTGanttRunMove="Copy,Entire" GANTTGanttRunAdjust="Move,Shrink"
            />
         <I id="19"
            RUN="12/28/2009,2,bound;01/02/2010,6,box,Remove - none,,Moves box inside or outside the row and moves the next boxes to the original box place&lt;br/> and preserves all other box positions;01/15/2010,3,,A;01/18/2010,2,,B;01/22/2010,2,,C;3,,D;1,nbsp,E;1,,F;01/29/2010,2,,G;02/04/2010,2,fixed"
            GANTTGanttRunMove="Remove" GANTTGanttRunAdjust=""
            />
         <I id="20"
             RUN="12/28/2009,2,bound;01/02/2010,6,box,Move fixed - none,,Moves also fixed box inside or outside the row&lt;br/> and preserves all other box positions&lt;br/>The start box cannot be moved outside - it just slides the whole row;01/15/2010,3,,A;01/18/2010,2,,B;01/22/2010,2,,C;3,,D;1,nbsp,E;1,,F;01/29/2010,2,,G;02/04/2010,2,fixed"
             GANTTGanttRunMove="Move,All" GANTTGanttRunAdjust="All"
            />
         <I id="21"
             RUN="12/28/2009,2,bound;01/02/2010,9,box,Various actions for different keys,,Left button = Slide - Shrink&lt;br>Left button + Ctrl = Slide+All - Shrink+All&lt;br/>Left button + Shift = Slide - Shift&lt;br/>Right button = Move - Shrink+Move&lt;br/>Right button + Ctrl = Move+All - Shrink+Move+All&lt;br/>Right button + Shift = Copy - Shrink + Move&lt;br>Resize + Left button = Resize&lt;br>Resize + Left button + Ctrl = Resize+All;01/15/2010,3,,A;01/18/2010,2,,B;01/22/2010,2,,C;3,,D;1,nbsp,E;1,,F;01/29/2010,2,,G;02/04/2010,2,fixed"
             GANTTGanttRunMove="Slide"             GANTTGanttRunAdjust="Shrink"
             GANTTGanttRunMoveCtrl="Slide,All"     GANTTGanttRunAdjustCtrl="Shrink,All"
                                                   GANTTGanttRunAdjustShift="Shift"
             GANTTGanttRunMoveRight="Move"         GANTTGanttRunAdjustMove="Shrink,Move"
             GANTTGanttRunMoveCtrlRight="Move,All" GANTTGanttRunAdjustMoveCtrlRight="Shrink,Move,All"
             GANTTGanttRunMoveShiftRight="Copy"    GANTTGanttRunAdjustCopy="Shrink,Move"
             GANTTGanttRunResize="Resize"
             GANTTGanttRunResizeCtrl="All"
            />
         <I id="22"
            GANTTGanttRunNewStart="2,End,Start;;1,Box,First new box;;2,End,End" GANTTGanttRunNew="1,Box,Next new box"
            RUNEmptyValue="Create new"
            />
         <I id="23"
             RUN="1/1/2010,2,bound,Start;;1/30/2010,2,bound,End"
             GANTTGanttRunNew="1,Fixed,New fixed box"
             />
      </B>
   </Body>
   <Header id="id"/>
</Grid>