<Grid>
   <Cfg id="RunGroups" NoVScroll="1" IdChars="0123456789" NumberId="1" Undo="1"/>
   <Cfg DefaultDate="1/1/2010"/>
   <Cfg FastGantt="1"/>
   <LeftCols>
      <C Name="id" Type="Int" CanEdit="0" CanSort="0"/>
      <C Name="RUN" Type="Text" Width="60"/>
   </LeftCols>
   <Cols>
      <C Name="GANTT" Type="Gantt" 
         GanttDataUnits="d" GanttUnits="d" GanttWidth="18"
         GanttLeft="1" GanttRight="1"
         GanttHeader1="d#%d"
         GanttRun="RUN"
         GanttRunGroupHover="3"
         GanttRunMoveRight="Move"
         GanttRunSave="2"
         GanttRunTypes="normal box,box;red box,box,,Red;green box,box,,Green;solid box,solid;fixed box,fixed"
         GanttRunSelect="5"
         GanttRunHtml="Box *5* - Group *6*"
         GanttRunIds="2" GanttRunIdPrefix="" GanttRunNew="0.0001,box,,,,,N" GanttRunNewStart="0.0001,box,,,,,N"
         />
   </Cols>
   <Solid>
      <Topbar Cells="Text,Id,Group,Mark,Del,Chg,Type"
         TextType="Text" TextLabel="Box group to search" Text="A"

         MarkType="Button" Mark="Highlight boxes" MarkButton="Button" MarkLeft="10" MarkWidth="100"
         MarkOnClick="Grid.EndEdit(1); Highlight(Grid,Get(Row,'Text'))"

         DelType="Button" Del="Delete boxes" DelButton="Button" DelWidth="100"
         DelOnClick="Grid.EndEdit(1); Delete(Grid,Get(Row,'Text'))"

         ChgType="Button" Chg="Change boxes to" ChgButton="Button" ChgWidth="100"
         ChgOnClick="Grid.EndEdit(1); Change(Grid,Get(Row,'Text'),Get(Row,'Type'))"

         TypeType="Enum" Type="Solid" TypeEnum="|Box|Solid|Fixed" TypeWidth="60"
         />
   </Solid>
   <Body>
      <B>
         <I id="0"/>
         <I id="1" RUN="1/1/2010,5,,,,,1,A;1/7/2010,5,,,,,1,B;1/13/2010,5,,,,,2,B;1/20/2010,5,,,,,3,B;1/26/2010,7,,,,,1,C"/>
         <I id="2" RUN="1/1/2010,5,,,,,2,A;1/7/2010,5,,,,,4,B;1/13/2010,5,,,,,3,A;1/20/2010,5,,,,,1,D;1/26/2010,7,,,,,2,C"/>
         <I id="3" RUN="1/1/2010,5,,,,,4,A;1/7/2010,5,,,,,2,D;1/13/2010,5,,,,,5,A;1/20/2010,5,,,,,6,A;1/26/2010,7,,,,,7,A"/>
         <I id="4" RUN="1/1/2010,5,,,,,8,A;1/7/2010,5,,,,,5,B;1/13/2010,5,,,,,1,E;1/20/2010,5,,,,,8,A;1/26/2010,7,,,,,2,E"/>
         <I id="5" GANTTGanttEdit="" RUNCanEdit="0" GANTTGanttRunTip="inactive box" GANTTGanttBackground="1/1/2010~1/1/2011#1"
                   RUN="1/1/2010,5,,,,,9,A;1/7/2010,5,,,,,3,C;1/13/2010,5,,,,,3,D;1/20/2010,5,,,,,4,D;1/26/2010,7,,,,,6,B"/>
         <I id="6" RUN="1/1/2010,5,,,,,10,A;1/7/2010,5,,,,,14,A;1/13/2010,5,,,,,5,D;1/20/2010,5,,,,,1,F;1/26/2010,7,,,,,2,F"/>
         <I id="7" RUN="1/1/2010,5,,,,,11,A;1/7/2010,5,,,,,3,F;1/13/2010,5,,,,,15,A;1/20/2010,5,,,,,16,A;1/26/2010,7,,,,,4,C"/>
         <I id="8" RUN="1/1/2010,5,,,,,12,A;1/7/2010,5,,,,,6,D;1/13/2010,5,,,,,7,D;1/20/2010,5,,,,,17,A;1/26/2010,7,,,,,7,B"/>
         <I id="9" RUN="1/1/2010,5,,,,,13,A;1/7/2010,5,,,,,18,A;1/13/2010,5,,,,,19,A;1/20/2010,5,,,,,1,G;1/26/2010,7,,,,,5,C"/>
      </B>
   </Body>
   <Header id="id"/>
</Grid>