<Grid>
   <Cfg id="RunBox" NoVScroll="1" IdChars="0123456789" NumberId="1" Undo="1"/>
   <Cfg DefaultDate="1/1/2010"/>
   
   <LeftCols>
      <C Name="id" Type="Int" CanEdit="0" CanSort="0"/>
      <C Name="RUN" Width="67"/>
      <C Name="TIP" Width="170"/>
   </LeftCols>
   <Cols>
      <C Name="GANTT" Type="Gantt"
         GanttDataUnits="d" GanttUnits="d" GanttLastUnit="d" GanttWidth="16"
         GanttRun="RUN"
         GanttRunText="TIP"
         GanttLeft="1" GanttRight="1" GanttRoundComplete="1"
         GanttHeader1="d#%d"
         GanttRunTip="*id*. *RunText*&lt;br>*Text*"
         GanttTask="Box"
         GanttRunSave="4" GanttRunNewStart="[{Duration:'0.0001'}]"
         GanttRunSelect="5"
         GanttRunAdjust="error"
         GanttRunMoveShift="move,selected,group,entire"
         GanttRunGroupHover="2"
         />
   </Cols>
   <Body>
      <B>
         <I id="0"/>
         <I id="1"
            RUN="[{Start:'1/1/2010',Duration:8}]" 
            TIP="One run box as task"
            />
         <I id="2"
            RUN="[{Start:'1/3/2010',Duration:4},{Start:'1/9/2010',Duration:4},{Start:'1/14/2010',Duration:5}]"
            TIP="More boxes as tasks"
            />
         <I id="3"
            RUN="[{Start:'1/1/2010',Duration:2,Complete:0},{Start:'1/4/2010',Duration:4,Complete:20},{Start:'1/9/2010',Duration:4,Complete:60},
            {Start:'1/14/2010',Duration:3,Complete:100},{Start:'1/17/2010',Duration:4,Complete:70}]" 
            GANTTGanttRunHtml="*11*%" TIP="Incomplete tasks"
            />
         <I id="4"
            RUN="[{Start:'1/1/2010',Type:'Milestone',Complete:0},{Start:'1/4/2010',Duration:4,Complete:20},{Start:'1/9/2010',Type:'Milestone',Complete:100},
            {Start:'1/10/2010',Type:'Milestone',Complete:0},{Start:'1/10/2010',Type:'Milestone',Complete:100},{Start:'1/14/2010',Duration:3,Complete:100},
            {Start:'1/17/2010',Type:'Milestone',Complete:0}]"
            TIP="Tasks and milestones"
            />
         <I id="5"
            RUN="[{Start:'1/3/2010',Duration:2,Text:'red',Class:'Red'},{Start:'1/6/2010',Duration:4,Text:'green',Class:'Green'},{Start:'1/12/2010',Type:'Milestone',Text:'Red.gif',Class:'Yellow.gif'},
            {Start:'1/13/2010',Duration:2,Text:'blue',Class:'Blue'},{Start:'1/16/2010',Duration:2,Class:'Yellow'},{Start:'1/19/2010',Type:'Milestone',Text:'Green.gif',Class:'Yellow.gif'},
            {Start:'1/21/2010',Type:'Milestone',Class:'Yellow'}]"
            TIP="Task with box custom classes"
            />
         <I id="6"
            RUN="[{Start:'1/1/2010',Type:'Milestone',Complete:0},{Start:'1/2/2010',Duration:3,Complete:20},{Start:'1/6/2010',Type:'Milestone',Complete:100, State:'Disabled'},
            {Start:'1/7/2010',Type:'Milestone',Complete:0,State:'Locked'},{Start:'1/8/2010',Duration:3,Complete:80,State:'Disabled'},{Start:'1/11/2010',Duration:3,Complete:100,State:'Locked'},
            {Start:'1/15/2010',Duration:3,Complete:0,State:'Disabled'}]"
            TIP="Disabled and locked tasks"
            />
         <I id="7" TIP="Box types"
            RUN="[{Start:'1/1/2010',Duration:'2',Type:'Solid',Text:'solid'},{Start:'1/4/2010',Duration:'2',Type:'Fixed',Text:'fixed'},{Start:'1/7/2010',Duration:'3',Type:'Left',Text:'fixed left'},
            {Start:'1/12/2010',Duration:'4',Type:'Right',Text:'fixed right'},{Start:'1/17/2010',Duration:'2',Type:'Box',Text:'box'},{Duration:'2',Type:'Nbsp',Text:'nbsp'},
            {Duration:'2',Type:'Box',Text:'box'},{Duration:'2',Type:'Box',Text:'box'}]"
            />
         <I id="8" TIP="Selected boxes"
            RUN="[{Start:'1/1/2010',Type:'Milestone',Complete:0},{Start:'1/2/2010',Duration:3,Complete:20,State:'Selected'},{Start:'1/6/2010',Type:'Milestone',Complete:100, State:'Selected'},
            {Start:'1/7/2010',Type:'Milestone',Complete:0,State:'Disabled+Selected'},{Start:'1/8/2010',Duration:3,Complete:80,State:'Disabled+Selected'},{Start:'1/11/2010',Duration:3,Complete:100,State:'Selected'},
            {Start:'1/15/2010',Duration:3,Complete:0}]"
            />
         <I id="9" TIP="Groups of boxes"
             RUN="[{Start:'1/1/2010',Type:'Milestone',Complete:0,Group:1},{Start:'1/2/2010',Duration:3,Complete:20,Group:2,Text:'2'},{Start:'1/6/2010',Type:'Milestone',Complete:100, Group:1},
            {Start:'1/7/2010',Type:'Milestone',Complete:0,State:'Disabled',Group:2},{Start:'1/8/2010',Duration:3,Complete:80,State:'Disabled',Group:2,Text:'2'},{Start:'1/11/2010',Duration:3,Complete:100,Group:1,Text:'1'},
            {Start:'1/15/2010',Duration:3,Complete:0,Group:3,Text:'3'},{Start:'1/18/2010',Duration:2,Complete:20,Group:3,Text:'3'},{Start:'1/21/2010',Duration:2,Group:3,Text:'3'},{Start:'1/23/2010',Duration:2,Group:1,Text:'1'}]"
            />
         <I id="10" TIP="Next groups of boxes"
            RUN="[{Start:'1/1/2010',Type:'Milestone',Complete:0,Group:2},{Start:'1/2/2010',Duration:3,Complete:20,Group:3,Text:'3'},{Start:'1/6/2010',Type:'Milestone',Complete:100, Group:2},
            {Start:'1/7/2010',Type:'Milestone',Complete:0,State:'Disabled',Group:2},{Start:'1/8/2010',Duration:3,Complete:80,State:'Disabled',Group:3,Text:'3'},{Start:'1/11/2010',Duration:3,Complete:100,Group:4,Text:'4'},
            {Start:'1/15/2010',Duration:3,Complete:0,Group:1,Text:'1'},{Start:'1/18/2010',Duration:2,Complete:20,Group:3,Text:'3'},{Start:'1/21/2010',Duration:2,Group:3,Text:'3'},{Start:'1/23/2010',Duration:2,Group:1,Text:'1'}]"
            />
         <I id="11"
            RUN="[{Start:'1/3/2010',Duration:8,Text:'1'},{Start:'1/4/2010',Duration:4,Text:'2'},{Start:'1/6/2010',Duration:3,Text:'3'},{Start:'1/8/2010',Duration:6,Text:'4'},{Start:'1/12/2010',Type:'Milestone'},
            {Start:'1/15/2010',Duration:5,Text:'6'},{Start:'1/17/2010',Type:'Milestone'},{Start:'1/18/2010',Duration:5,Text:'7'}]"
            TIP="Overlaid tasks as errors"
            />
         <I id="12"
            RUN="[{Start:'1/3/2010',Duration:8,Text:'1'},{Start:'1/4/2010',Duration:4,Text:'2'},{Start:'1/6/2010',Duration:3,Text:'3'},{Start:'1/8/2010',Duration:6,Text:'4'},{Start:'1/12/2010',Type:'Milestone'},
            {Start:'1/15/2010',Duration:5,Text:'6'},{Start:'1/17/2010',Type:'Milestone'},{Start:'1/18/2010',Duration:5,Text:'7'}]"
            TIP="Overlaid tasks shifted" GANTTGanttRunErrorsShift="15" GANTTGanttRunErrors="0"
            />
         <I id="13"
            RUN="[{Start:'1/3/2010',Duration:8,Text:'1'},{Start:'1/4/2010',Duration:4,Text:'2'},{Start:'1/6/2010',Duration:3,Text:'3'},{Start:'1/8/2010',Duration:6,Text:'4'},{Start:'1/12/2010',Type:'Milestone'},
            {Start:'1/15/2010',Duration:5,Text:'6'},{Start:'1/17/2010',Type:'Milestone'},{Start:'1/18/2010',Duration:5,Text:'7'}]"
            TIP="Overlaid tasks shifted a little" GANTTGanttRunErrorsShift="5" GANTTGanttRunErrors="0"
            />
         <I id="14"
            RUN="[{Start:'1/2/2010',Duration:2,Height:20},{Start:'1/5/2010',Type:'Milestone',Top:20},{Start:'1/9/2010',Duration:6,Top:0,Height:5},{Start:'1/16/2010',Duration:4,Top:15,Height:15},{Start:'1/21/2010',Type:'Milestone'}]"
            TIP="Different heights and positions" GANTTGanttRunHtmlLeft="*Start*" GANTTGanttRunHtmlLeftEdge="1" GANTTGanttRunHtmlDateFormat="dddddd"
            />
         <I id="15"
            RUN="[{Start:'1/6/2010',Duration:10,Top:0},{Start:'1/8/2010',Duration:10,Top:9},{Start:'1/4/2010',Duration:12,Top:18},{Start:'1/12/2010',Duration:6,Top:27}]" 
            TIP="Independent boxes on different levels" GANTTGanttRunHeight="3" GANTTGanttRunAdjust="Error" GANTTGanttRunError="Sort" GANTTGanttRunErrors="0"
            />
      </B>
   </Body>
   <Header id="id" SortIcons="2"/>
</Grid>