<Grid>
   <Cfg id="CustomEdit"/>
   <Cols>
      <C Name="Standard" Type="Text" Width="200"/>
      <C Name="Custom" Type="Text" Width="200"/>
   </Cols>
   <Head>
      <Filter/>
   </Head>
   <Body>
      <B>
         <I Standard="one" Custom="one"/>
         <I Standard="two" Custom="two"/>
         <I Standard="three" Custom="three"/>
         <I Standard="four" StandardButton="Defaults" StandardDefaults="|*RowsAll" 
            Custom="four" CustomButton="Defaults"  CustomDefaults="|*RowsAll"/>
         <I/>
         <I Standard="five" Custom="five"/>
         <I Standard="six" Custom="six"/>
         <I Standard="seven" Custom="seven"/>
         <I Standard="eight" Custom="eight"/>
         <I Standard="nine" Custom="nine"/>
         <I Standard="ten" Custom="ten"/>
      </B>
   </Body>
</Grid>