<Grid>
   <Cfg id="Basic"/>

   <!--- Columns -->
   <Panel Visible="1"/>
   <LeftCols>
      <C Name="LEFT1" Width="200"/>
   </LeftCols>
   <Cols>
      <C Name="DATA1"/>
      <C Name="DATA2"/>
   </Cols>
   <RightCols>
      <C Name="RIGHT1"/>
   </RightCols>

   <!-- Rows -->
   <Header LEFT1="Left column 1" DATA1="Data column 1" DATA2="Data column 2" RIGHT1="Right column 1" Visible="1"/>
   <Head>
      <I LEFT1="Fixed head row 1" DATA1="1" DATA2="2" RIGHT1="3"/>
   </Head>
   <Body>
      <B>
         <I LEFT1="Body row 1" DATA1="4" DATA2="5" RIGHT1="6"/>
         <I LEFT1="Body row 2" DATA1="7" DATA2="8" RIGHT1="9"/>
         <I LEFT1="Body row 3" DATA1="10" DATA2="11" RIGHT1="12"/>
         <I LEFT1="Body row 4" DATA1="13" DATA2="14" RIGHT1="15"/>
         <I LEFT1="Body row 5" DATA1="16" DATA2="17" RIGHT1="18"/>
         <I LEFT1="Body row 6" DATA1="19" DATA2="20" RIGHT1="21"/>
         <I LEFT1="Body row 7" DATA1="22" DATA2="23" RIGHT1="24"/>
      </B>
   </Body>
   <Foot>
      <I LEFT1="Fixed foot row 1" DATA1="25" DATA2="26" RIGHT1="27"/>
   </Foot>
   <Toolbar Visible="1"/>
</Grid>