<Grid>
   <Cfg id="Columns" ResizingMain="2"/>
   <Cfg LeftWidth="150" MidWidth="700" RightWidth="150"/>
   <Cfg MinLeftWidth="100" MinMidWidth="300" MinRightWidth="100"/>
   
   <Pager MinWidth='65' Left='1' Type='Gantt' PageSize='w' ChartSize='M' ZoomToPage='1' ChartPrev="1" ChartNext="1"/>
   <LeftCols>
      <C Name="L1"/>
      <C Name="L2" Type="Gantt" GanttHeader1="d#%d" GanttEdit="" GanttSize="w"/>
      <C Name="L3"/>
   </LeftCols>
   <Cols>
      <C Name="M1"/>
      <C Name="Panel" Visible="1" Select="0" Delete="1" Copy="1" Move="1"/>
      <C Name="M2"/>
      <C Name="M3"/>
      <C Name="M4" Width="20"/>
      <C Name="M5"/>
      <C Name="M6G1" Group="1"/>
      <C Name="M7G1" Group="1"/>
      <C Name="M8G1" Group="1"/>
      <C Name="M9G1" Group="1"/>
      <C Name="M10G2" Group="2"/>
      <C Name="M11G2" Group="2"/>
      <C Name="M12"/>
      <C Name="M13"/>
   </Cols>
   <RightCols>
      <C Name="R1"/>
      <C Type="Panel" Name="P2" Move="0" Copy="0" Select="1" Delete="0"/>
      <C Name="R2"/>
      <C Name="R3"/>
      <C Name="R4"/>
      <C Name="R5"/>
   </RightCols>

   <!-- Rows -->
   <Body>
      <B>
         <I L2GanttStart="1/2/2000" L2GanttEnd="1/8/2000"/>
         <I P2="Delete"/>
         <I L2GanttParts="1/3/2000~1/6/2000"/>
         <I Panel="Delete,Select"/>
         <I L2GanttRun="1/2/2000,2;;3" L2GanttParts="1/5/2000~1/8/2000"/>
         <I PanelType="Text" Panel="No panel"/>
         <I/>
         <I/>
         <I/>
         <I/>
         <I/>
      </B>
   </Body>
</Grid>