<Grid>
   <Cfg id='RowId'/>
   <Actions OnClickButtonAdd='AddRowEnd' OnClickPanelCopy='CopyRow'/>
   <Panel Copy='1'/>
   <LeftCols>
      <C Name='id' CanEdit='1'/>
   </LeftCols>
   <Cols>
      <C Name='TMP'/>
   </Cols>
   <Header id='id'/>
   <Foot>
      <I TMP='Auto id'/>
   </Foot>
   <Body>
      <B>
         <I id='A' TMP='Val1'/>
         <I id='B' TMP='Val2'/>
         <I id='C' TMP='Val3'/>
         <I id='D' TMP='Val4'/>
      </B>
   </Body>
   <Toolbar Cells='Save,Add' AddTip='Add new row to end'/>
</Grid>