<Grid>
   <Cfg id='NewId' IdChars='0123456789' NumberId='1' IdPrefix='R' IdPostfix='X' LastId='R99X'/>
   <Actions OnClickButtonAdd='AddRowEnd' OnClickPanelCopy='CopyRow'/>
   <Panel Copy='1'/>
   <LeftCols>
      <C Name='id' CanEdit='0' Width='50'/>
   </LeftCols>
   <Cols>
      <C Name='TMP'/>
   </Cols>
   <Header id='id'/>
   <Body>
      <B>
         <I id='R1X' TMP='Val1'/>
         <I id='R2X' TMP='Val2'/>
         <I id='R3X' TMP='Val3'/>
         <I id='R4X' TMP='Val4'/>
      </B>
   </Body>
   <Toolbar Cells='Save,Add' AddTip='Add new row to end'/>
</Grid>