<Grid>
   <Cfg id='IdColumn' IdNames='UID' AppendId='1' IdChars='0123456789' NumberId='1' LastId='1' CaseSensitiveId='0'/>
   <Actions OnClickButtonAdd='AddRowEnd' OnClickPanelCopy='CopyRow'/>
   <Panel Copy='1'/>
   <LeftCols>
      <C Name='id' CanEdit='0' Width='70'/>
   </LeftCols>
   <Cols>
      <C Name='UID' Width='70'/>
      <C Name='TMP'/>
   </Cols>
   <Header id='id'/>
   <Def>
      <D Name='R' UID='New name' TMP='New val'/>
   </Def>
   <Body>
      <B>
         <I UID='David' TMP='Val1'/>
         <I UID='Jan' TMP='Val2'/>
         <I UID='Linda' TMP='Val3'/>
         <I UID='Adam' TMP='Val4'/>
         <I UID='Jan2' TMP='Val5'/>
         <I UID='Linda3' TMP='Val6'/>
      </B>
   </Body>
   <Toolbar Cells='Save,Add' AddTip='Add new row to end'/>
</Grid>