<Grid>
   <Cfg id='RowIdTree' MainCol='TMP'/>
   <Cfg FullId='1' IdChars='0123456789' NumberId='1'/>
   <Actions OnClickButtonAdd='AddRowEnd' OnClickButtonAddChild='AddChildEndF'/>
   <Panel Copy='1'/>
   <LeftCols>
      <C Name='id' CanEdit='0' Width='70'/>
   </LeftCols>
   <Cols>
      <C Name='TMP'/>
   </Cols>
   <Header id='id'/>
   <Body>
      <B>
         <I id='1' TMP='Val 1'>
            <I id='1' TMP='Val 1-1'>
               <I id='1' TMP='Val 1-1-1'/>
               <I id='2' TMP='Val 1-1-2'/>
            </I>
            <I id='2' TMP='Val 1-2'/>
            <I id='3' TMP='Val 1-3'>
               <I id='1' TMP='Val 1-3-1'/>
            </I>
         </I>
         <I id='2' TMP='Val 2'/>
         <I id='3' TMP='Val 3'>
            <I id='1' TMP='Val 3-1'/>
         </I>
      </B>
   </Body>
   <Toolbar Cells='Save,Add,AddChild' AddTip='Add new row to end' AddChildTip='Add new child to the focused row'/>
</Grid>