<Grid>
   <Cfg id='IdColumnTree' MainCol='UID'/>
   <Cfg FullId='1' IdNames='UID' AppendId='1' IdChars='0123456789' NumberId='1' LastId='1' CaseSensitiveId='0'/>
   <Actions OnClickButtonAdd='AddRowEnd' OnClickButtonAddChild='AddChildEndF'/>
   <Panel Copy='1'/>
   <LeftCols>
      <C Name='id' CanEdit='0' Width='115'/>
   </LeftCols>
   <Cols>
      <C Name='UID' Width='95'/>
      <C Name='TMP'/>
   </Cols>
   <Header id='id'/>
   <Def>
      <D Name='R' UID='Name' TMP=''/>
   </Def>
   <Body>
      <B>
         <I UID='Project1' TMP='V1'>
            <I UID='David' TMP='V1-1'/>
            <I UID='Linda' TMP='V1-3'/>
            <I UID='Adam' TMP='V1-4'/>
         </I>
         <I UID='Project2' TMP='V2'>
            <I UID='David' TMP='V2-1'/>
            <I UID='Jan' TMP='V2-2'/>
            <I UID='Linda' TMP='V2-3'/>
         </I>
      </B>
   </Body>
   <Toolbar Cells='Save,Add,AddChild' AddTip='Add new row to end' AddChildTip='Add new child to the focused row'/>
</Grid>