<Grid>
   <Cfg id='Id5' IdNames='NAME,SUR,UID' IdChars='01234567890' NumberId='1' CaseSensitiveId='0'/>
   <Actions OnClickButtonAdd='AddRowEnd' OnClickPanelCopy='CopyRow'/>
   <Panel Copy='1'/>
   <LeftCols>
      <C Name='id' CanEdit='0' Width='80'/>
   </LeftCols>
   <Cols>
      <C Name='NAME' Width='40'/>
      <C Name='SUR' Width='45'/>
      <C Name='UID' Type='Int' Width='30'/>
      <C Name='TMP' Width='30'/>
   </Cols>
   <Header id='id' SortIcons='2'/>
   <Body>
      <B>
         <I NAME='David' SUR='Smith' UID='1' TMP='Val1'/>
         <I NAME='David' SUR='Smith' UID='2' TMP='Va2'/>
         <I NAME='Linda' SUR='Hall' UID='1' TMP='Val3'/>
         <I NAME='Adam' SUR='Clark' UID='1' TMP='Val4'/>
         <I NAME='David' SUR='Lewis' UID='1' TMP='Val5'/>
         <I NAME='Jan' SUR='Nell' UID='1' TMP='Val6'/>
         <I NAME='Linda' SUR='Lewis' UID='1' TMP='Val7'/>
         <I NAME='Linda' SUR='Hall' UID='2' TMP='Val8'/>
         <I NAME='Linda' SUR='Hall' UID='3' TMP='Val9'/>
      </B>
   </Body>
   <Toolbar Cells='Save,Add' AddTip='Add new row to end'/>
</Grid>