<Grid>
   <Cfg id='IdAPI'/>
   <Actions OnClickButtonAdd='AddRowEnd' OnClickPanelCopy='CopyRow'/>
   <Panel Copy='1' Select='0'/>
   <Cols>
      <C Name='id' CanEdit='0' Width='230' HtmlPrefix='&lt;div style="font-family:monospace;font-size:10px;">' HtmlPostfix='&lt;div/>'/>
      <C Name='TMP' Width='30'/>
   </Cols>
   <Header id='id' SortIcons='2'/>
   <Def>
      <D Name='R' TMP='new'/>
   </Def>
   <Body>
      <B>
         <I id='8248771a-67cd-4eb3-b65a-980b0e1775e6' TMP='Val1'/>
         <I id='27134bed-64bc-4a51-ada5-04a6dc620e23' TMP='Val2'/>
         <I id='24bd0945-b6e9-49e0-a6d7-8532612138d2' TMP='Val3'/>
         <I id='c3f0c096-bf5d-404e-937f-12eec58cd01f' TMP='Val4'/>
      </B>
   </Body>
   <Toolbar Cells='Save,Add' AddTip='Add new row to end'/>
</Grid>