<Grid>
   <Cfg id='IdServer'/>
   <Actions OnClickButtonAdd='AddRowEnd' OnClickPanelCopy='CopyRow'/>
   <Panel Copy='1' Select='0'/>
   <Cols>
      <C Name='id' CanEdit='0' Width='70'/>
      <C Name='TMP' Width='50'/>
   </Cols>
   <Header id='id'/>
   <Def>
      <D Name='R' TMP='new'/>
   </Def>
   <Body>
      <B>
         <I id='0001' TMP='Val1'/>
         <I id='0002' TMP='Val2'/>
         <I id='0003' TMP='Val3'/>
         <I id='0004' TMP='Val4'/>
      </B>
   </Body>
   <Toolbar Cells='Save,Add' AddTip='Add new row to end'/>
</Grid>