<?xml version="1.0"?>
<Grid>
   <Body>
      <B>
         <I id="a" Def="Node" A="Order 001" C="Martin Shaw" H="20" I="6/21/2005">
            <I id="a1" A="Case ATX MiddleTower 4x5&quot; 450W" T="Comp" D="1" E="24"></I>
            <I id="a2" A="CPU AMD ATHLON XP 3000+ 333 ScA" T="Comp" D="1" E="145"></I>
            <I id="a3" A="HDD SeaGate 7200rpm/8MB 120GB/SATA" T="Comp" D="1" E="117"></I>
            <I id="a4" A="MB K7 GIGABYTE 7VT600-RZ- KT600/8237/DDR400/SB/L SkA" T="Comp" D="1" E="55"></I>
            <I id="a5" A="SVGA GEFORCE2 MX-400/166 AGP 64MB" T="Comp" D="1" E="33.5"></I>
            <I id="a6" A="RAM DDR 400 Brand 512 MB" T="Comp" D="1" E="44"></I>
         </I>
         <I id="b" Def="Node" A="Order 002" C="Peter Orwell" I="6/21/2005" Expanded='1'>
            <I id="b1" A="MS Windows XP Pro OEM" T="Soft"  D="1" E="192"></I>
            <I id="b2" A="MS OFFICE 2003 Pro English OEM" T="Soft"  D="1" E="420" Added='1'></I>
         </I>
         <I id="c" Def="Node" A="Order 003" C="PLS Ltd." I="6/22/2005" Expanded='1' X='0'>
            <I id="c1" A="Color ink for IP4000, 5000, 8500" T="Print" D="3" E="6" G="3" Changed='1' DChanged='1'></I>
            <I id="c2" A="Black ink for IP4000, 5000, 8500" T="Print" D="2" E="10"></I>
            <I id="c3" A="Printer Canon IP4000 A4 Par./USB" T="Print" D="1" E="160" G="10" Deleted='1'></I>
            <I id="c4" A="Copy paper CANON 500l. A4 80g" T="Print" D="1" E="4" Moved='2' Parent='b'></I>
         </I>
         <I id="d" Def="Node" A="Order 004" C="PLS Ltd." I="6/23/2005">
            <I id="d1" A="Monitor LG 1730S LCD 17&quot;" T="Mon" D="1" E="303" G="10" H="30"></I>
         </I>
         <I id="e" Def="Node" A="Order 005" C="Janet Scheel" I="6/29/2005">
            <I id="e1" A="Case ATX MiddleTower 4x5&quot; 350W silver" T="Comp" D="1" E="29"></I>
            <I id="e2" A="CD-ROM 52x Sony IDE" T="Comp" D="1" E="15.5" G="5"></I>
            <I id="e3" A="CPU Intel Celeron 2400" T="Comp" D="1" E="79"></I>
            <I id="e4" A="FAN Pentium 686" T="Comp" D="1" E="3"></I>
            <I id="e5" A="HDD WD 7200rpm 40GB ATA100 2MBCache" T="Comp" D="1" E="59.5"></I>
            <I id="e6" A="MB P4 MSI-P4MAM-V, P4M266A, 533,DDR,Vga,Lan" T="Comp" D="1" E="39"></I>
            <I id="e7" A="Mouse Wheel, 3but, PS2" T="Access" D="1" E="2.5"></I>
            <I id="e8" A="Monitor KTC 17&quot; K-7002D" T="Mon" D="1" E="95"></I>
            <I id="e9" A="Keyboard WIN'95 104 keys" T="Access" D="1" E="4"></I>
            <I id="e10" A="FDD 3.5&quot; 1.44MB" T="Comp" D="1" E="7"></I>
            <I id="e11" A="RAM DDR 400 Brand 256 MB" T="Comp"  D="1" E="22.5"></I>
            <I id="e12" A="SVGA GEFORCE2 MX-400/166 AGP 64MB" T="Comp"  D="1" E="3.5"></I>
         </I>
         <I id="f" Def="Node" A="Order 006" C="Glass Ltd." G="7" I="7/03/2005">
            <I id="f1" A="Mouse Logitech R95 Cordless Optical Wheel,PS2&amp;USB" T="Access"  D="20" E="21" G="5"></I>
            <I id="f2" A="Mouse Pad Photos" T="Access" D="20" E="1" G="5"></I>
         </I>
         <I id="g" Def="Node" A="Order 007" C="Nick Anastasi" I="7/08/2005">
            <I id="g1" A="Case ATX Server Case 400W" T="Comp" D="3" E="42"></I>
            <I id="g2" A="DVD+/-R/RW Sony DL 4x/16x/12x/4x/48x/24x/16x/48x" T="Comp" D="1" E="63"></I>
            <I id="g3" A="DVD-ROM SONY 16X40 IDE" T="Comp" D="2" E="26"></I>
            <I id="g4" A="LAN card 3COM 3C905 10/100 Mbs" T="Comp" D="3" E="26.5"></I>
            <I id="g5" A="CPU Intel P4 3.0/800" T="Comp" D="3" E="198"></I>
            <I id="g6" A="FAN Pentium 4 s478 BB 2.66MHz" T="Comp" D="3" E="13"></I>
            <I id="g7" A="HDD Maxtor 7200rpm 200GB SATA150 8MBCache" T="Comp" D="6" E="126"></I>
            <I id="g8" A="MB P4 AsusP4P800SE/GD 865PE/800/DDR/SB/SA/ L/RAID" T="Comp" D="3" E="100.5"></I>
            <I id="g9" A="Mouse Keymouse,Wheel Optical PS/2" T="Access" D="3" E="6"></I>
            <I id="g10" A="Monitor Philips 107T60 17&quot; Flat" T="Mon"  D="3" E="147"></I>
            <I id="g11" A="FDD 3.5&quot; 1.44MB" D="3" E="7" T="Comp"></I>
            <I id="g12" A="KeyBoard WIN'95 104 keys PS/2" T="Access" D="3" E="4"></I>
            <I id="g13" A="Printer HP LJ2420 28ppm 1200x1200; 32MB;PCL 6, 5e, HP PS 3 Par/USB" T="Print"  D="1" E="671"></I>
            <I id="g14" A="RAM DDR 400 Brand 512 MB" T="Comp" D="6" E="44.5"></I>
            <I id="g15" A="SVGA GEFORCE2 MX-400/166 AGP 64MB" T="Comp"  D="3" E="33.5"></I>
            <I id="g16" A="Scanner Microtek ScanMaker 4850 A4, 2400x 4800pi, 48 Bit, USB" T="Print"  D="1" E="104" G="5"></I>
         </I>
         <I id="h" Def="Node" A="Order 008" C="Kathy Buckovinsky" H="20" I="7/09/2005">
            <I id="h1" A="Scanner ScanMaker 6100, A4,3200x6400dpi,48 Bit, 3.2D, USB 2.0. transparency unit" T="Print"  D="1" E="179"></I>
         </I>
         <I id="i" Def="Node" A="Order 009" C="Bea Sauer" I="7/09/2005">
            <I id="i1" A="StereoTV Tuner +FM+Capture Play TV Pro" T="Access" D="1" E="47"></I>
            <I id="i2" A="Video camera Logitech QuickCam Zoom USB" T="Access" D="1" E="77"></I>
         </I>
         <I id="j" Def="Node" A="Order 010" C="PLS Ltd." G="3" I="7/11/2005">
            <I id="j1" A="UPS APC Smart SU3000inet 3000VA" T="Access" D="1" E="1565"></I>
            <I id="j2" A="UPS APC Smart 700 VA" T="Access" D="3" E="318" G="5"></I>
            <I id="j3" A="UPS APC Smart 1000 VA" T="Access" D="2" E="432"></I>
         </I>
         <I id="k" Def="Node" A="Order 011" C="Glass Ltd." G="7" I="7/03/2005">
            <I id="k1" A="HDD Maxtor 7200rpm 200GB SATA150 8MBCache" T="Comp" D="8" E="126"></I>
            <I id="k2" A="FAN HDD Ball Bearing" T="Comp" D="8" E="8"></I>
         </I>

         <I id="l" A="Order 012" Def="Node" I="11/23/2006" C="Jeffrey B. Demers">
            <I id="l1" A="GN Jabra GN8120 Headset Cable Adapter" T="Access" D="1" E="136" />
            <I A="15IN LCD X560A 1024X768 SPEAKER, " T="Mon" D="5" E="192" id="l2"/>
            <I id="l3" A="Acer Power E210" T="Comp" D="5" E="113.00"/>
         </I>
         <I id="m" A="Order 013" Def="Node" I="1/08/2006" Expanded="1" C="Carlos Hawes">
            <I A="75PPM DIGITAL COPIER-IOT DADF" T="Print" D="1" E="17402.5" id="m1"/>
            <I A="AGENT 18 CLICK SHIELD" T="Access" D="11" E="37" G="10" id="m2"/>
            <i A="15IN LCD X560A 1024X768 SPEAKER" T="Mon" D="20" E="192" G="20" id="m3"/>
         </I>
         <I id="n" A="Order 014" Def="Node" I="7/19/2006" C="Patrick Miller">
            <I A="ASPIRE SA80 P4-2.93G" T="Comp" D="1" E="540" id="n1"/>
            <I A="17 LCD L1770H DVI 8MS" T="Mon" D="2" E="344" id="n2"/>
            <i A="FIRSTWARE RECOVER PRO 2004" T="Soft" D="1" E="57" id="n3"/>
            <I A="POWER MAC G5-2G DC" T="Comp" D="3" E="2305.50" id="n4"/>
         </I>
         <I id="o" A="Order 015" Def="Node" I="12/09/2006" Expanded="1" C="MIT Inc.">
            <I A="SC5295DP SERVER CHASSIS" T="Access" D="3" E="249.80" id="o1"/>
            <I A="B4520 MFP 20PPM" T="Print" D="3" E="632" id="o2"/>
            <i A="17IN LCD F773L SPKRS 1280X1024" T="Mon" D="1" E="251" id="o3"/>
         </I>
         <I id="p" A="Order 016" Def="Node" I="4/05/2006" C="Usaco Company Ltd.">
            <I A=" SCENIC EDITION X102 CEL-2.93G" T="Comp" D="10" E="675" G="10" id="p1"/>
            <I A="UPG BRIGHTSTOR ARCSERVE BACKUP" T="Soft" D="4" E="75.1" id="p2"/>
         </I>
         <I id="q" A="Order 017" Def="Node" I="8/07/2006" C="Michael Bown">
            <I A=" GN Jabra Clear Eargels " T="Access" D="5" E="6" id="q1"/>
            <I A=" GN BT3030 Bluetooth Earset " T="Access" D="5" E="79" G="8" id="q2"/>
            <i A="17IN LCD VE710S" T="Mon" D="5" E="235" id="q3"/>
            <I A="VAIO RC202 PENTD-920-2.8G" D="1" E="1986" id="q4"/>
         </I>
         <I id="r" A="Order 018" Def="Node" I="8/10/2006" C="Anne Walborn">
            <I A="B4520 MFP 20PPM" T="Print" D="2" E="632" id="r1"/>
            <I A="ActiveX and DLL +2D Upgrade to Current Version" T="Soft" D="10" E="250" id="r2"/>
            <i A="AP130-E1/AA4 SERVER BAREBONE" T="Comp" D="5" E="485" G="3" id="r3"/>
         </I>
         <I id="s" A="Order 019" Def="Node" I="9/09/2006" C="BYTESoft Ltd.">
            <I A=" RPS FIELD UPGRADE" T="Access" D="23" E="123.78" id="s1" />
            <I A="BarcodeFactory (Single PC License)" T="Soft" D="5" E="149"  id="s2"/>
            <i A="17IN TFT 1280X1024 VX712-U" T="Mon" D="1" E="279.96" id="s3"/>
         </I>
         <I id="t" A="Order 020" Def="Node" I="3/06/2006" Expanded="1" C="BYTESoft Ltd.">
            <I  A=" MOUNTING KIT 3.5" T="Access" D="7" E="5.65" id="t1"/>
            <I A="BAREBOOK 1500 I910GML" T="Comp" D="40" E="9.1" id="t2"/>
            <i A="FULL COLOR MULTI/F31/8PPM" T="Print" D="1" E="10036.75" id="t3"/>
            <I A="19 LCD L1970H 19IN DIG 8MS" T="Mon" D="10" E="408.95" id="t4"/>
         </I>
         <I id="u" A="Order 021" Def="Node" I="5/15/2006" C="MIT Inc.">
            <I A="FontWare Pro Upgrade to Current Version" T="Soft" D="2" E="55" id="u1"/>
            <I A="19IN LCD FP91GX 4MS DVI, " T="Mon" D="1" E="315" id="u2"/>
         </I>

         <I id="v" A="Order 022" Def="Node" I="7/09/2007" C="PLC Solutions Ltd.">
            <I A="GN Jabra SP500 Bluetooth Speakerphone" T="Access" D="4" E="99.0" id="v1"/>
            <I A=" FULL COLOR MULTIFUNCTION" T="Print" D="2" E="9631.5" id="v2"/>
            <I A="19IN LCD L1950SQ 700:1 8MS" T="Mon" D="7" E="322.86" G="15" id="v3"/>
            <I A="THINKPAD X6 ULTRABASE DOCK" T="Access" D="9" E="213" G="15" id="v4"/>
         </I>
         <I id="w" A="Order 023" Def="Node" I="1/04/2007" Expanded="1" C="VidSoft Ltd.">
            <I A="HARWICH SERVER PLATFORM" T="Comp" D="1" E="36091" id="w1"/>
            <I A="19IN TFT 1280X1024" T="Mon" D="5" E="305.41" id="w2"/>
         </I>
         <I id="x" A="Order 024" Def="Node" I="6/11/2007" Expanded="1" C="PLC Solutions Ltd.">
            <I A="FLATRON L1917S 19IN ANA/DIG" T="Mon" D="10" E="365.90" id="x1"/>
            <I A="ACCESS 2002 PLAIN  SIMPLE" T="Soft" D="1" E="17.86" id="x2"/>
         </I>
         <I id="y" A="Order 025" Def="Node" I="10/01/2007" C="Martin Dann" Expanded="1">
            <I A="128MB SECURE DIGITAL CARD" T="Access" D="3" E="11.90" id="y1"/>
            <I A="INTEGR SE7320VP2/SR1435" T="Comp" D="5" E="731" G="5" id="y2"/>
            <I A="WC C226V_U+MODULED.SLIDE 2X500S" T="Print" D="1" E="7928" G="3" id="y3"/>
            <I A="FP93G 19IN LCD 6MS" T="Mon" D="1" E="304.55" id="y4"/>
         </I>
         <I id="z" A="Order 026" Def="Node" I="8/09/2007" C="Computronic Inc.">
            <I A="VENTO3600 TA-361 BLUE" T="Comp" D="15" E="171" id="z1"/>
            <I A=" SMARTPOWER 2.0 SP450PGB" T="Comp" D="20" E="68.91" id="z2"/>
            <I A="L1940PQ 19IN LCD 1280X1024" T="Mon" D="15" E="397.90" id="z3"/>
            <I A=" NOTEBOOK SLIM MICROSAVER" T="Access" D="6" E="912" id="z4"/>
         </I>
         <I id="A" A="Order 027" Def="Node" I="7/11/2007" C="Printing Systems Ltd.">
            <I A="5Y NBD PROLIANT ML570 HWSUPP" T="Comp" D="3" E="1751.55" id="A1"/>
            <I A="FS-3820DN LASER 28PPM A4" T="Print" D="10" E="1136.42" G="15" id="A2"/>
            <I A=" FASTER SMARTER OFFICE XP" T="Soft" D="1" E="55" id="A3"/>
         </I>
         <I id="B" A="Order 028" Def="Node" I="10/16/2007" C="Computronic Inc.">
            <I A="TRADE-TO PART NUMBER VAC" T="Access" D="2" E="3523.45" G="5" id="B1"/>
            <I A="DISC STAKKA USB SHOWBOX" T="Comp" D="7" E="179" id="B2"/>
            <I A="19IN TFT 1024X768 75HZ" T="Mon" D="1" E="441" id="B3"/>
         </I>
         <I id="C" A="Order 029" Def="Node" I="3/13/2007" C="PhotoMan">
            <I A="FS-3820TN LASER 28PPM A4" T="Print" D="3" E="1182.35" id="C1"/>
            <I A="MICROSOFT WINDOWS ME" T="Soft" D="1" E="146" id="C2"/>
            <I A="GN A320S Instant Bluetooth Stereo USB Adapter " T="Access" D="5" E="34" id="C3"/>
            <I A="3000 C200 CM 430 1.60G 512MB " T="Comp" D="15" E="699" id="C4"/>
         </I>
         <I id="D" A="Order 030" Def="Node" I="4/11/2007" C="P.A Law Office">
            <I A="ADOBE ENCORE V2" T="Soft" D="1" E="448" id="D1"/>
            <I A="FS-3830TN LASER 33PPM A4" T="Print" D="3" E="1256" id="D2"/>
            <I A="AMILO PRO V2030 CELM370-1.5G" T="Comp" D="4" E="1192.50" id="D3"/>
         </I>

         <I id="E" A="Order 031" Def="Node" I="5/09/2008" C="Mark Finter">
            <I A="17IN LCD-TV 1366X768 16:9 HD" T="Mon" D="5" E="986.75" id="E1"/>
            <I A="IMO JABRA A210 BT WRLS ADAPTER 2.5MM JACK EOL NO RTN - SEE VNOT " T="Access" D="10" E="12.35" id="E2"/>
            <I A="CRM PROFESSIONAL CAL 3.0," T="Soft" D="1" E="26642" id="E3"/>
            <I A="FS-C8026N NETWORK READY LASER" T="Print" D="1" E="5024" id="E4"/>
         </I>
         <I id="F" A="Order 032" Def="Node" I="7/03/2008" C="Mobile Systems CPD Ltd.">
            <I A="Belkin (BZ103050-TVL) Surge Suppressor " T="Access" D="35" E="8" G="10" id="F1"/>
            <I A="ASPIRE 3633WLMI CELM370-1.5G" T="Comp" D="5" E="1345.99" id="F2"/>
            <I A="CRM SMALL BUSINESS CAL 3.0" T="Soft" D="2" E="655.45" id="F3"/>
            <I A="20.1IN LCD WIDE 1680X1050 8MS, " T="Comp" D="1" E="447" id="F4"/>
         </I>
         <I id="G" A="Order 033" Def="Node" I="11/13/2008" C="NCA Laboratory">
            <I A="CRYSTAL ANALYSIS PRO" T="Soft" D="2" E="816.55" id="G1"/>
            <I A="FS9520DN A4 51PPM A3 26PPM 64MB" T="Print" D="5" E="3755.95" G="10" id="G2"/>
            <I A="Antec Sonata (0761345-15137-5) ATX" T="Access" D="5" E="87.66" id="G3"/>
            <I A="AS 5512WLMI PM740-1.7G 80GB" T="Comp" D="5" E="1132.58" id="G4"/>
         </I>
         <I id="H" A="Order 034" Def="Node" I="10/09/2008" Expanded="1" C="Srm Components Ltd.">
            <I A="FRAMEMAKER SERVER" T="Soft" D="1" E="12234" id="H1"/>
            <I A="StarTech.com USB 2.0 To Sata Adapter" T="Access" D="11" E="9" id="H2"/>
            <I A="20.1IN TFT 1600X1200 8MS" T="Mon" D="10" E="761.55" G="10" id="H3"/>
            <I A="StarTech.com (SATCASE25OTG) Serial " T="Access" D="10" E="9.78" id="H4"/>
         </I>
         <I id="I" A="Order 035" Def="Node" I="6/13/2008" C="Jack Doughton">
            <I A="Logitech X-540 5 Speakers" T="Access" D="5" E="72" id="I1"/>
            <I A="BTO TECRA A7 T5600 1.83G 1GB " T="Comp" D="1" E="1579.99" id="I2"/>
            <I A="Cyber Acoustics CA-2908 2 Speakers " T="Access" D="2" E="20" id="I3"/>
            <I A="20IN TFT 1600X1200 75HZ" T="Mon" D="5" E="772" id="I4"/>
         </I>
         <I id="J" A="Order 036" Def="Node" I="11/26/2008" C="SGB Video and Presentations" Expanded="1">
            <I A="Hi-Capacity B-5505 Battery " T="Access" D="10" E="30" id="J1"/>
            <I A="4227 PLUS DOT MATRIX" T="Print" D="1" E="2386.78" id="J2"/>
            <I A="UPG DESIGN BUNDLE V2, " T="Soft" D="4" E="1244.70" id="J3"/>
         </I>
         <I id="K" A="Order 037" Def="Node" I="5/14/2008" C="Nick Becker" Expanded="1">
            <I A="VENTURA 10, " T="Soft" D="3" E="810" id="K1"/>
            <I A="Hi-Capacity (B-5538) (278418-B25)" T="Access" D="7" E="50" id="K2"/>
            <I A="42IN 102CM LCD-TV 16:9 HDTV" T="Mon" D="1" E="2710" id="K3"/>
         </I>
         <I id="L" A="Order 038" Def="Node" C="Forter Solutions" I="9/09/2008">
            <I A="BTO TECRA A9 T7300 2.0G 1GB " T="Comp" D="10" E="1503.89" id="L1"/>
            <I A="ML5591 24 PIN - 136 COLUMN PAR" T="Print" D="3" E="751" id="L2"/>
            <I A="SHAREPOINT PORTAL SVR 2003, " T="Soft" D="1" E="7050.21" id="L3"/>
         </I>
         <I id="M" A="Order 039" Def="Node" I="12/09/2008" C="BBDSoft Ltd.">
            <I A="23IN LCD BLACK 1920X1200" T="Mon" D="3" E="1305.95" G="5" id="M1"/>
            <I A="3M (PF14.1W) Screen Protector " T="Access" D="10" E="35" id="M2"/>
            <I A="OUTLOOK STUDENTS TEACHERS," T="Soft" D="25" E="65" G="10" id="M3"/>
         </I>
         <I id="N" A="Order 040" Def="Node" I="10/07/2008" C="Media and TV Systems">
            <I A="Targus ACP50US Docking Station" T="Access" D="3" E="59" id="N1"/>
            <I A="BURGESS COMPUTER DECISIONS" T="Comp" D="4" E="1705.50" id="N2"/>
            <I A="ENCARTA 2006," T="Soft" D="1" E="67" id="N3"/>
         </I>
         <I id="O" A="Order 041" Def="Node" I="5/09/2008" C="Dann SEO Company">
            <I A="IBM (250510W) Port Replicator" T="Access" D="1" E="84" id="O1"/>
            <I A=" 23IN LCD BLACK 1920X1200" T="Mon" D="2" E="1305.40" id="O2"/>
            <I A="AGE OF MYTH: TITANS 1.0, " T="Soft" D="1" E="33" id="O3"/>
         </I>
         <I id="P" A="Order 042" Def="Node" I="7/09/2008" C="Media and TV Systems">
            <I A="BXEX VAIO BX660 VPLEX3 LCD" T="Comp" D="15" E="2749.99" G="15" id="P1"/>
            <I A="VP2330WB 23IN 8MS ANA/DIG 800:1" T="Mon" D="10" E="1599.39" id="P2"/>
            <I A="NATURAL ERGO KEYBRD 4000 WIN32" T="Soft"  D="1" E="45.70" id="P3"/>
         </I>

         <I id="Q" A="Order 043" Def="Node" I="2/19/2009" Expanded="1" C="Sport Planet Ltd.">
            <I A="Toshiba (PA3468U-1ACA) AC Adapter " T="Access" D="2" E="25" id="Q1"/>
            <I A="CISCO801-1CAPI ISDN ROUTER" T="Mon" D="5" E="570.10" id="Q2"/>
         </I>
         <I id="R" A="Order 044" Def="Node" I="1/09/2009" C="Unizeto Company Ltd.">
            <I A="ACROBAT DISTILLER" T="Soft" D="1" E="7646.50" id="R1"/>
            <I A="C240E/B T5500 1.66G 2GB 160GB " T="Comp" D="6" E="1350.90" id="R2"/>
            <I A="ML5591 24 PIN - 136 COLUMN PAR," T="Print" D="1" E="751" id="R3"/>

         </I>
         <I id="S" A="Order 045" Def="Node" I="5/24/2009" Expanded="1" C="GLT Outsourcing">
            <I A="Fellowes (8032001) Stand " T="Access" D="4" E="18" id="S1"/>
            <I A="COMPAQ NC6120 PM750-1.86G" T="Comp" D="10" E="1790.5" id="S2"/>
            <I A="CISCO803-1CAPI ISDN ROUTER, " T="Mon" D="7" E="735" id="S3"/>
            <I A="UPG ACROBAT CAPTURE PERS ED" T="Soft" D="3" E="151" id="S4"/>
         </I>
         <I id="T" A="Order 046" Def="Node" I="7/11/2009" Expanded="1" C="SOA Systems Inc.">
            <I A="PROOFING TOOLS 2003" T="Soft" D="5" E="04" id="T1"/>
            <I A="DESK CLAMP BLACK" T="Mon" D="3" E="58.1" id="T2"/>
            <I A="CUS 3MD TECHNOLOGIES ONLY" T="Comp" D="2" E="1899.99" id="T3"/>
         </I>
         <I id="U" A="Order 047" Def="Node" I="4/22/2009" C="CableNet Solutions Ltd.">
            <I A="Belkin (F3U133-06), 6ft USB Cable " T="Access" D="4" E="13" id="U1"/>
            <I A="STYLEVIEW FLAT PANEL CART" T="Mon" D="1" E="2551.90" id="U2"/>
            <I A="Monster Cable Products 127662 1 Meter" T="Access" D="5" E="39" id="U3"/>
         </I>
         <I id="V" A="Order 048" Def="Node" I="10/03/2009" C="Martin Shaw">
            <I A="UPG MAPPOINT, " T="Soft" D="1" E="277.91" id="V1"/>
            <I A="HDD 320GB USB2.0 UK-PLUG MYBOOK" T="Print" D="4" E="182.93" id="V2"/>
            <I A=" Hp Compaq 6710b" T="Comp" D="5" E="1807" G="5" id="V3"/>
         </I>
         <I id="W" A="Order 049" Def="Node" I="11/02/2009" C="PLS Ltd.">
            <I A="APC Smart-UPS RT 192V " T="Access" D="3" E="744" id="W1"/>
            <I A="DS100 28 POLE" T="Mon" D="15" E="67" id="W2"/>
         </I>
         <I id="X" A="Order 050" Def="Node" I="12/13/2009" C="LiderSoft Ltd.">
            <I A="APC (AP7863) Power Distribution Strip " T="Access" D="7" E="350" id="X1"/>
            <I A="17IN CRT 1280X1024" T="Mon" D="10" E="148.65" id="X2"/>
            <I A="CISCO 870 SERIES IOS ADV" T="Soft" D="5" E="119" id="X3"/>
            <I A="APC (RBC7) Replacement Battery " T="Access" D="2" E="99" id="X4"/>
         </I>
         <I id="Y" A="Order 051" Def="Node" I="5/05/2009" C="ADB Company Inc.">
            <I A="STACKING  WALL-MOUNT" T="Mon" D="2" E="17.84" id="Y1"/>
            <I A="3M Privacy Filter 19-20in PF400XXL " T="Access" D="4" E="370" id="Y2"/>
            <I A="CREATIVE INSPIRE GD580 5.1" T="Print" D="7" E="185.99" id="Y3"/>
            <I A="SW CALLMANAGER HP DL380, " T="Soft" D="1" E="6337" id="Y4"/>
         </I>
         <I id="Z" A="Order 052" Def="Node" I="9/18/2009" C="Emil Printing System">
            <I A="HP CARE PACK ND OS" T="Print" D="2" E="1906" id="Z1"/>
            <i A="3M Executive (EF200XXLB) for 19-21 in. " T="Access" D="8" E="79" id="Z2"/>
            <i A="FRONTPAGE 2003" T="Soft" D="5" E="246" G="10" id="Z3"/>
         </I>
      </B>
   </Body>
</Grid>
