<?xml version="1.0"?>
<Grid>
   <Head>
      <I id='R1' A='text!' AType='Text' B='Praha' C='Capital' CType='Text' CCanEdit='0' D='12' E='1' F='12:15' G='2/3/2006'/>
   </Head>
   <Body>
      <B>
         <I id='R2' A='2' B='Brno' C='0' D='1234' E='1' F='16:15' G='1/1/2000'/>
         <I id='R3' A='3' B='Ostrava' C='0' D='1e5' E='6' F='0:12' G='8/12/2005'/>
         <I id='R4' Spanned='1' A='4' B='Plzen' BRowSpan='3' C='0' CRowSpan='3' D='13' E='5' 
            ERowSpan='3' F='0:00' G='8/30/2002' ESpan='2'
            />
         <I id='R4a' A='4' C='0' D='-5' E='5' F='13:15' G='2/12/2006'/>
         <I id='R4b' A='4' C='0' D='444' E='5' F='10:00' G='6/6/2004'/>
         <I id='R5' A='5' B='Ceske&#x0A;Budejovice' C='0' D='134' E='4' F='10:00' G='4/1/2005' GIcon='Date' IFormat='"&lt;B style=&apos;color:red;&apos;&gt;"h:mm tt"&lt;/B&gt;"'/>
         <I id='R6' A='6' B='Usti nad Labem' C='0' D='0.5' E='8' F='23:10' G='1/1/1000'/>
         <I id='R7' Spanned='1' A='7' B='Hradec Kralove' C='0' D='675.1234' E='7' F='23:42' G='8/1/2050' 
            H="&lt;BUTTON STYLE='font-size:8;width:100%;' onclick='alert(&quot;Button 7 pressed&quot;)'&gt;...&lt;/BUTTON&gt;" HSpan='2'/>
         <I id='R8' A='8' B='Pardubice' C='0' D='-0.045' E='4' F='4:34' G='10/8/2006' GButton=''
            RightHtml='HTML section &lt;div style="background:#afa;width:100%;"&gt;Right columns&lt;/div&gt;'
            />
         <I id='R9' Spanned='1' A='Liberec' AColor='255,200,255' AType='Text' ASpan='2' C='0' D='0' E='6' F='12:00' G='5/20/2004'/>
         <I id='R10' A='10' B='Olomouc' BCanEdit='0' BButton='Defaults' BDefaults='|*RowsAll' C='0' D='-0.0745' E='4' F='3:45' G='12/31/1999'
            H="&lt;BUTTON STYLE='font-size:13;width:30;' onclick='alert(&quot;Button 10 pressed&quot;)'&gt;...&lt;/BUTTON&gt;"/>
         <I id='R11' Spanned='1' A='11' B='Karlovy Vary' C='1' CSpan='2' E='-4' F='4:10' G='10/10/2500' GCanEdit='0' GButton='Date'/>
         <I id='R12' A='12' B='Kolin' C='1' D='-345' E='5' F='10:00' G='11/10/1995'
            MidHtml='&lt;div style="background:#aaf;width:100%;height:17px;"&gt;HTML section - Variable columns&lt;/div&gt;'
            />
         <I id='R13' Spanned='1' A='13' B='Cheb' C='1' D='12e-3' E='6/25/2003' EType='Date' ESpan='3' EFormat='ddd d/M/yyyy' CanSelect='0'/>
         <I id='R14' Spanned='1' Calculated='1' A='14' B='Nymburk' C='1' D='-15' E='3' F='5:30' G='4/12/2005' HSpan='2' HFormula='F+E*3600000' HType='Date' HFormat='=> h:mm tt'/>
         <I id='R15' A='15' B='Podebrady' C='1' D='12.34' E='4' F='23:45' G='9/11/2000' HType='Img' H='|../../Grid/Toolbar.gif|18|16|180|0|javascript:alert("img clicked")|_self'/>
         <I id='R16' Spanned='1' A='16' B='Zlin' C='1' D='6.77' EType='Text' ESpan='5' E='??????'/>
         <I id='R17' A='17' B='Pribram' C='2' D='-0.056' E='4' F='14:14' G='11/1/2000' CanDelete='0'/>
         <I id='R18' A='18' B='Klatovy' BRowSpan='3' C='2' CRowSpan='3' D='5' E='2' ERowSpan='3' F='12:05' G='10/16/1995' HRowSpan='3' H='abc&lt;br>def&lt;br>ghi&lt;br>jkl'/>
         <I id='R18a' Spanned='1' A='18' C='2' D='-66' E='2' F='11:05' FSpan='4' G='4/14/2995'/>
         <I id='R18b' A='18' C='2' D='345' E='2' F='16:16' G='1/1/2000'/>
         <I id='R19' A='19' B='Prestice' C='2' D='0.00001' E='3' F='10:15' G='8/18/2018' DButton='Html' DButtonText='&lt;B style=&apos;color:blue;&apos;&gt;!!!&lt;/B&gt;'/>
         <I id='R20' A='20' B='Zelezna Ruda' C='2' D='999999999' E='12' F='6:00' G='4/7/2004'
            H="&lt;a href='http://www.google.com'&gt;href&lt;/a&gt;"/>
         <I id='R21' A='21' B='Praskacka nad Cernymi lesy' C='3' D='5' E='5' F='16:15' G='1/1/2000'/>
         <I id='R22' A='22' B='Bukova' C='3' D='12.04' E='3' F='4:57' G='5/5/2005' CanSelect='0' CanDelete='0'/>
      </B>
   </Body>
</Grid>