<Grid>
   <Cfg id="Header" NoVScroll="1" IdChars="0123456789" NumberId="1" Undo="1"/>
   <Cfg DefaultDate="1/1/2000 8:00"/>
   <LeftCols>
      <C Name="id" Type="Int" CanEdit="0" CanSort="0"/>
      <C Name="START" Type="Date" Width="65"/>
      <C Name="END" Type="Date" Width="50" DefaultDate="1/1/2000 17:00"/>
   </LeftCols>
   <Cols>
      <C Name="GANTT" Type="Gantt" 
         GanttDataUnits="h" GanttUnits="h" GanttWidth="3"
         GanttStart="START" GanttEnd="END"
         GanttLeft="10" GanttRight="10"
         GanttHeader1="w#xxx"
         GanttHeader2="d#M/d/yyyy"
         GanttHeader3="d#dddd"
         GanttHeader4="wh#%HHHH" GanttHeaderId4="H2"
         GanttHeader5="wh#%HHHHH" GanttHeaderId5="H2"
         GanttHeaderTrim="1"
         GanttBackground="d#1/1/2000 17:00~1/2/2000 8:00#1;d#12:00~13:00#2;w#12/11/1999~12/13/1999#3;d#1/1/2000#4;12/9/1999 8:00~12/9/1999 12:00#5;12/14/1999 8:00~12/14/1999 12:00#5;12/14/1999 13:00~12/14/1999 17:00#5"
         GanttMark="12/13/1999 10:00~12/13/1999 11:00#1"
         GanttMarkPath=""
         />
   </Cols>
   <Body>
      <B>
         <I id="0"/>
         <I id="1" GANTTGanttMark="12/13/1999 10:00~12/13/1999 11:00#1;12/15/1999~12/16/1999#2;12/9/1999 8:00~12/15/1999 12:00#9;12/9/1999~12/18/1999#13" START="12/8/1999" END="1/13/2000"/>
         <I id="2" GANTTGanttMark="12/13/1999 10:00~12/13/1999 11:00#1;12/13/1999 8:00~12/13/1999 15:00#Yellow;12/16/1999 00:00~12/16/1999 18:00#Yellow" START="12/10/1999 8:00" END="12/10/1999 17:00"/>
         <I id="3" GANTTGanttMark="12/13/1999 10:00~12/13/1999 11:00#1;12/16/1999 8:00~12/16/1999 12:00#3;12/9/1999 13:00~12/9/1999 17:00#3;12/10/1999~12/13/1999#2;12/11/1999~12/13/1999#14;12/11/1999 8:00~12/25/1999 12:00#6;12/17/1999~12/18/1999#GanttLineC" START="12/8/1999 13:00" END="12/16/1999 17:00"/>
         <I id="4" GANTTGanttMark="12/16/1999~12/17/1999#GanttLineC"/>
         <I id="5" GANTTGanttMark="12/15/1999 12:00~12/16/1999#GanttLineC" GANTTGanttBackground="d#1/1/2000 17:00~1/2/2000 8:00#1;d#1/1/2000#4;12/9/1999 8:00~12/9/1999 12:00#5;12/14/1999 8:00~12/14/1999 12:00#5;12/14/1999 13:00~12/14/1999 17:00#5"/>
         <I id="6" GANTTGanttMark="12/15/1999~12/15/1999 12:00#GanttLineC"/>
      </B>
   </Body>
   <Header id="id"/>
   <Foot>
      <Header id="H2"/>
   </Foot>
   <Lang>
      <Format FirstWeekYearDay="3"/>
   </Lang>
</Grid>