<Grid>
   <Cfg id="Zoom" NoVScroll="1" IdChars="0123456789" NumberId="1" Undo="1"/>
   <Cfg DefaultDate="1/1/2000 8:00"/>
   <Cfg ScrollLeftLap="0"/>
   <Actions OnDblClickGantt="ZoomToBar"/>
   <LeftCols>
      <C Name="id" Type="Int" CanEdit="0" CanSort="0"/>
      <C Name="START" Type="Date" Format="MMM dd, '&lt;span style=&quot;color:blue&quot;>'HH'&lt;/span>'" EditFormat="MM/dd/yy HH"/>
      <C Name="END" Type="Date" DefaultDate="1/1/2000 17:00" Format="MMM dd, '&lt;span style=&quot;color:blue&quot;>'HH'&lt;/span>'" EditFormat="MM/dd/yy HH"/>
      <C Name="DUR" Type="Text" CanSort="0"/>
      <C Name="ES" Type="Date" Visible="0"/>
      <C Name="LS" Type="Date" Visible="0"/>
      <C Name="EF" Type="Date" Visible="0"/>
      <C Name="LF" Type="Date" Visible="0"/>
   </LeftCols>
   <Cols>
      <C Name="GANTT" Type="Gantt" 
         GanttDataUnits="h"
         GanttDataModifiers="w:40,d:8,h:1"
         GanttStart="START" GanttEnd="END" GanttDuration="DUR"
         GanttMinStart="ES" GanttMaxStart="LS" GanttMinEnd="EF" GanttMaxEnd="LF"
         GanttLeft="0" GanttRight="0"
         GanttZoom="weeks"
         GanttSmoothZoom="1"
         GanttHideExclude="0" GanttCheckExclude="1"
         GanttExclude="d#17:00~8:00;d#12:00~13:00#1;w#12/11/1999~12/13/1999#3"
         />
   </Cols>
   <Zoom>
      <Z Name="weeks" 
         GanttUnits="d" GanttChartRound="w"
         GanttWidth="17" GanttWidthEx="71.4"
         GanttHeader1="M#MMMM yyyy"
         GanttHeader2="w#'week 'ddddddd" 
         GanttHeader3="d#%d"
         GanttHeader4="d#ddddd"
         GanttBackground="w#12/12/1999#5;M#1/1/2000~1/1/2000 4:00#4"
         GanttBackgroundEx="w#12/12/1999#5;M#1/1/2000~1/1/2000#4"
         />
      <Z Name="days" 
         GanttUnits="h" GanttChartRound="w" 
         GanttWidth="3" GanttWidthEx="9"
         GanttHeader1="d#dd MMM yyyy" 
         GanttHeader2="d#dddd" 
         GanttHeader3="h6#HH" GanttHeaderRound3="1"
         GanttBackground="w#12/12/1999#5;M#1/1/2000~1/1/2000 1:00#4"
         GanttBackgroundEx="w#12/12/1999#5;M#1/1/2000~1/1/2000#4"
         />
      <Z Name="hours" 
         GanttUnits="h" GanttChartRound="d"
         GanttWidth="19" GanttWidthEx="27.2"
         GanttHeader1="h12#dddd dddddd MMMM yyyy tt" GanttHeader1Ex="d#dddd dddddd MMMM yyyy"
         GanttHeader2="h#HH"
         GanttBackground="d#1/1/2000#4;w#12/12/1999~12/12/1999 0:05#5"
         GanttBackgroundEx="d#1/1/2000#4;w#12/12/1999#5"
         />
   </Zoom>
   <Body>
      <B>
         <I id="0"/>
         <I id="1" 
            START="12/16/1999 8:00" END="1/14/2000 17:00"
            ES="12/14/1999 8:00" LS="12/21/1999 8:00"
            EF="1/6/2000 17:00" LF="1/14/2000 17:00"
            />
         <I id="2" 
            START="12/31/1999 10:00" DUR="1h"
            />
         <I id="3" 
            START="12/16/1999 13:00" DUR="1.5w"
            />
         <I id="4" 
            START="1/10/2000 8:00"
            />
         <I id="5" 
            END="1/10/2000 17:00"
            />
         <I id="6" 
            Spanned="1" GANTTGanttStart="" GANTTGanttParts="START" STARTSpan="3" STARTRange="1" STARTCanEdit="0"
            START="12/16/1999 8:00~12/23/1999 17:00;12/28/1999 8:00~12/28/1999 17:00;12/31/1999 10:00~12/31/1999 11:00;~1/10/2000 17:00"
            />
         <I id="7" 
            Spanned="1" GANTTGanttStart="" GANTTGanttParts="START" STARTSpan="3" STARTRange="1" STARTCanEdit="0"
            START="12/16/1999 8:00~12/23/1999 17:00;12/28/1999 8:00~12/28/1999 17:00;12/31/1999 10:00~12/31/1999 11:00;1/10/2000 8:00~"
            />
         <I id="8" 
            Spanned="1" GANTTGanttStart="" GANTTGanttFlags="START" STARTSpan="3" STARTRange="1" STARTCanEdit="0"
            START="12/16/1999 8:00;12/22/1999 17:00;12/31/1999 11:00;1/9/2000 12:00"
            />
         <I id="9"
            Spanned="1" GANTTGanttStart="" GANTTGanttPoints="START" STARTSpan="3" STARTRange="1" STARTCanEdit="0"
            START="12/16/1999 8:00;12/22/1999 17:00;12/31/1999 11:00;1/10/2000 12:00"
            />
         <I id="10"
            Spanned="1" GANTTGanttStart="" GANTTGanttRun="START" STARTSpan="3" STARTType="Text" STARTCanEdit="0" STARTFormat=""
            START="12/16/1999 8:00,16;12/22/1999 8:00,8;12/23/1999 8:00,5;2;12/23/1999 16:00,32;1/6/2000 8:00,16"
            />
         <I id="11"
            Spanned="1" GANTTGanttStart="" GANTTGanttRun="START" STARTSpan="3" STARTType="Text" STARTCanEdit="0" STARTFormat=""
            START="12/16/1999 8:00,12/17/1999 17:00;12/22/1999 8:00,12/22/1999 17:00;12/23/1999 8:00,12/23/1999 14:00;12/23/1999 14:00,12/23/1999 16:00;12/23/1999 16:00,12/29/1999 16:00;1/6/2000 8:00,1/7/2000 17:00"
            />
      </B>
   </Body>
   <Header id="id"/>
   <Lang>
      <Format FirstWeekYearDay="3"/>
   </Lang>
   <Toolbar Cells="Zoom,Smooth,Exclude,Reload,Print,Undo,Redo,ZoomIn,ZoomOut,ZoomFit,Columns,Cfg,StyleTitle,StyleCombo" Styles="2"
      ZoomType='SelectGanttZoom'
      ZoomHtmlPrefix='&lt;b>Zoom to &lt;span style="color:blue;">' ZoomHtmlPostfix='&lt;/span>&lt;/b>'
      ZoomWidth='90'

      SmoothType='Bool' SmoothCanEdit='1'
      SmoothLabelRight='Smooth zoom'
      SmoothFormula='Grid.Cols.GANTT.GanttSmoothZoom'
      SmoothOnChange='Grid.Cols.GANTT.GanttSmoothZoom = Value'
      SmoothTip='For 1 the unit width defined for zoom level can be increased to show exactly the zoomed range'

      ExcludeType='Bool' 
      ExcludeLabelRight='Hide excluded dates'
      ExcludeFormula='Grid.Cols.GANTT.GanttHideExclude'
      ExcludeOnChange='Grid.SetHideExclude(Value)'
      ExcludeCanEditFormula='gantthasexclude()!=0'
 
   />
</Grid>