<Grid>
   <Body>
      <B>
         <I id="1" TASK="Task 1"/>
         <I id="2" TASK="Task 2" START="5/11/2010 9:00" END="6/9/2010 17:00" DES="3"/>
         <I id="3" TASK="Task 3" START="6/9/2010 17:00" END="6/10/2010 8:35" DES="4"/>
         <I id="4" TASK="Task 4" START="6/10/2010 8:35" END="6/10/2010 9:20" DES="5"/>
         <I id="5" TASK="Task 5" START="6/10/2010 9:20" END="6/10/2010 12:32" DES="6"/>
         <I id="6" TASK="Task 6" START="6/10/2010 12:32" END="6/10/2010 12:35" DES="7"/>
         <I id="7" TASK="Task 7" START="6/10/2010 12:35" END="6/10/2010 12:35:30" DES="8;22"/>
         <I id="8" TASK="Task 8" START="6/10/2010 12:35:30" END="6/10/2010 12:50" DES="9;12;28"/>
         <I id="9" TASK="Task 9" START="6/10/2010 12:50" END="6/10/2010 14:05" DES="10;24"/>
         <I id="10" TASK="Task 10" START="6/10/2010 14:05" END="6/10/2010 14:05:05" DES="11"/>
         <I id="11" TASK="Task 11" START="6/10/2010 14:05:05"/>
         <I id="12" TASK="Task 12" START="6/10/2010 12:50" END="6/10/2010 13:00" DES="13;26"/>
         <I id="13" TASK="Task 13" START="6/10/2010 14:00" END="6/10/2010 18:00" DES="14"/>
         <I id="14" TASK="Task 14" START="6/11/2010 9:00" END="7/9/2010 18:00" DES="15"/>
         <I id="15" TASK="Task 15" START="7/12/2010 9:00" END="7/16/2010 13:00" DES="16"/>
         <I id="16" TASK="Task 16" START="7/19/2010 14:00" END="7/30/2010 18:00" DES="17"/>
         <I id="17" TASK="Task 17" START="8/2/2010 9:00" END="9/10/2010 18:00" DES="18"/>
         <I id="18" TASK="Task 18" START="9/13/2010 9:00" END="9/13/2010 18:00"/>
         <I id="22" TASK="Task 22" START="6/10/2010 12:35:30" END="6/10/2010 14:15" DES="23"/>
         <I id="23" TASK="Task 23" START="6/10/2010 14:15" END="6/18/2010 18:00"/>
         <I id="24" TASK="Task 24" START="6/10/2010 12:00" END="6/10/2010 12:20" DES="25"/>
         <I id="25" TASK="Task 25" START="6/10/2010 12:20" END="6/10/2010 14:20"/>
         <I id="26" TASK="Task 26" START="6/10/2010 14:00" END="6/10/2010 14:20" DES="27"/>
         <I id="27" TASK="Task 27" START="6/10/2010 14:20"/>
         <I id="28" TASK="Task 28" START="2/10/2008 9:00" END="3/15/2008 18:00" DES="29"/>
         <I id="29" TASK="Task 29" START="5/10/2008 9:00" END="8/10/2008 18:00"/>
      </B>
   </Body>
</Grid>