<Grid>
   <Cfg id="SilverLight" MaxHeight="1" MainCol="Number" StandardFilter="2"/>
   <Cols>
      <C Name="Number" Type="Int" Width="100"/>
      <C Name="Silver" Type="Html" Width="250" CanEdit="0" CanSort="0" ShowHint="0"/>
   </Cols>
   <Def>
      <D Name="R" SilverClassInner="none" Calculated="1" 
         NumberFormula="Row.firstChild ? sum() : Row.Number" NumberCanEdit="1" 
         Silver='&lt;div style="overflow:hidden;height:17px;">&lt;object type="application/x-silverlight" Height="17">
         &lt;param name="windowless" value="true"/>
         &lt;param name="background" value="Transparent"/>
         &lt;param name="source" value="SilverLightEmptyObject.xaml"/>
         &lt;/object>&lt;/div>'/>
   </Def>
   <Panel Move='1' Select='0'/>
   <Header Silver='Dynamic SilverLight object with HTML text'/>
   <Head>
      <Filter SilverCanEdit='0' Silver=''/>
   </Head>
   <Body>
      <B>
         <I>
            <I Number='67'/>
            <I>
               <I Number='100'/>
               <I Number='20'/>
               <I Number='13'/>
            </I>
         </I>
         <I>
            <I Number='10'/>
            <I Number='20'/>
         </I>
         <I Number='56'/>
         <I Number='89'/>
         <I>
            <I Number='33'/>
            <I Number='-9'/>
         </I>
         <I Number='156'/>
         <I Number='43'/>
         <I Number='245'/>
         <I Number='140'/>
         <I>
            <I Number='33'/>
         </I>
      </B>
   </Body>
   <Toolbar Print='0'/>
</Grid>